url,path,locale,routeFamily,inSitemap,inLlms,inLlmsFull,expectedLlmsState,exposureClassification,canonicalState,robotsIndexState,hreflangState,jsonLdFamily,evidenceContainerReadiness
"https://fermatmind.com/en/about","/en/about","en","static_legal_help","true","","","not_exposed","public_indexable_static","not_checked","not_checked","not_checked","WebPage|BreadcrumbList","not_required"
"https://fermatmind.com/zh/about","/zh/about","zh","static_legal_help","true","","","not_exposed","public_indexable_static","not_checked","not_checked","not_checked","WebPage|BreadcrumbList","not_required"
"https://fermatmind.com/zh/brand","/zh/brand","zh","static_legal_help","true","","","not_exposed","public_indexable_static","not_checked","not_checked","not_checked","WebPage|BreadcrumbList","not_required"
"https://fermatmind.com/en/business","/en/business","en","static_legal_help","true","","","not_exposed","public_indexable_static","not_checked","not_checked","not_checked","WebPage|BreadcrumbList","not_required"
"https://fermatmind.com/zh/business","/zh/business","zh","static_legal_help","true","","","not_exposed","public_indexable_static","not_checked","not_checked","not_checked","WebPage|BreadcrumbList","not_required"
"https://fermatmind.com/en/career/guides","/en/career/guides","en","career_guides_hub","true","","","conditional","public_indexable_hub","not_checked","not_checked","not_checked","","not_required"
"https://fermatmind.com/zh/career/guides","/zh/career/guides","zh","career_guides_hub","true","","","conditional","public_indexable_hub","not_checked","not_checked","not_checked","","not_required"
"https://fermatmind.com/en/career","/en/career","en","career_hub","true","","","conditional","public_indexable_hub","not_checked","not_checked","not_checked","WebPage|BreadcrumbList","not_required"
"https://fermatmind.com/zh/career","/zh/career","zh","career_hub","true","","","conditional","public_indexable_hub","not_checked","not_checked","not_checked","WebPage|BreadcrumbList","not_required"
"https://fermatmind.com/en/career/recommendations","/en/career/recommendations","en","career_hub","true","","","conditional","public_indexable_hub","not_checked","not_checked","not_checked","WebPage|BreadcrumbList","not_required"
"https://fermatmind.com/zh/career/recommendations","/zh/career/recommendations","zh","career_hub","true","","","conditional","public_indexable_hub","not_checked","not_checked","not_checked","WebPage|BreadcrumbList","not_required"
"https://fermatmind.com/en/career/tests","/en/career/tests","en","career_hub","true","","","conditional","public_indexable_hub","not_checked","not_checked","not_checked","WebPage|BreadcrumbList","not_required"
"https://fermatmind.com/zh/career/tests","/zh/career/tests","zh","career_hub","true","","","conditional","public_indexable_hub","not_checked","not_checked","not_checked","WebPage|BreadcrumbList","not_required"
"https://fermatmind.com/zh/careers","/zh/careers","zh","static_legal_help","true","","","not_exposed","public_indexable_static","not_checked","not_checked","not_checked","WebPage|BreadcrumbList","not_required"
"https://fermatmind.com/zh/charter","/zh/charter","zh","static_legal_help","true","","","not_exposed","public_indexable_static","not_checked","not_checked","not_checked","WebPage|BreadcrumbList","not_required"
"https://fermatmind.com/zh/foundation","/zh/foundation","zh","static_legal_help","true","","","not_exposed","public_indexable_static","not_checked","not_checked","not_checked","WebPage|BreadcrumbList","not_required"
"https://fermatmind.com/en/help/about","/en/help/about","en","help_detail","true","","","conditional","public_indexable_static","not_checked","not_checked","not_checked","WebPage|BreadcrumbList","not_required"
"https://fermatmind.com/en/help/contact","/en/help/contact","en","help_detail","true","","","conditional","public_indexable_static","not_checked","not_checked","not_checked","WebPage|BreadcrumbList","not_required"
"https://fermatmind.com/en/help/faq","/en/help/faq","en","help_detail","true","","","conditional","public_indexable_static","not_checked","not_checked","not_checked","WebPage|BreadcrumbList","not_required"
"https://fermatmind.com/en/help/for-business-and-research","/en/help/for-business-and-research","en","help_detail","true","","","conditional","public_indexable_static","not_checked","not_checked","not_checked","WebPage|BreadcrumbList","not_required"
"https://fermatmind.com/en/help/team","/en/help/team","en","help_detail","true","","","conditional","public_indexable_static","not_checked","not_checked","not_checked","WebPage|BreadcrumbList","not_required"
"https://fermatmind.com/en/help/used-and-mentioned","/en/help/used-and-mentioned","en","help_detail","true","","","conditional","public_indexable_static","not_checked","not_checked","not_checked","WebPage|BreadcrumbList","not_required"
"https://fermatmind.com/zh/help/contact","/zh/help/contact","zh","help_detail","true","","","conditional","public_indexable_static","not_checked","not_checked","not_checked","WebPage|BreadcrumbList","not_required"
"https://fermatmind.com/zh/help/faq","/zh/help/faq","zh","help_detail","true","","","conditional","public_indexable_static","not_checked","not_checked","not_checked","WebPage|BreadcrumbList","not_required"
"https://fermatmind.com/zh/help/for-business-and-research","/zh/help/for-business-and-research","zh","help_detail","true","","","conditional","public_indexable_static","not_checked","not_checked","not_checked","WebPage|BreadcrumbList","not_required"
"https://fermatmind.com/en/personality","/en/personality","en","personality_hub","true","","","allow","public_indexable_hub","not_checked","not_checked","not_checked","WebPage|ItemList|BreadcrumbList","not_required"
"https://fermatmind.com/zh/personality","/zh/personality","zh","personality_hub","true","","","allow","public_indexable_hub","not_checked","not_checked","not_checked","WebPage|ItemList|BreadcrumbList","not_required"
"https://fermatmind.com/zh/policies","/zh/policies","zh","static_legal_help","true","","","not_exposed","public_indexable_static","not_checked","not_checked","not_checked","WebPage|BreadcrumbList","not_required"
"https://fermatmind.com/en/privacy","/en/privacy","en","static_legal_help","true","","","not_exposed","public_indexable_static","not_checked","not_checked","not_checked","WebPage|BreadcrumbList","not_required"
"https://fermatmind.com/zh/privacy","/zh/privacy","zh","static_legal_help","true","","","not_exposed","public_indexable_static","not_checked","not_checked","not_checked","WebPage|BreadcrumbList","not_required"
"https://fermatmind.com/en/support","/en/support","en","static_legal_help","true","","","not_exposed","public_indexable_static","not_checked","not_checked","not_checked","WebPage|BreadcrumbList","not_required"
"https://fermatmind.com/zh/support","/zh/support","zh","static_legal_help","true","","","not_exposed","public_indexable_static","not_checked","not_checked","not_checked","WebPage|BreadcrumbList","not_required"
"https://fermatmind.com/en/terms","/en/terms","en","static_legal_help","true","","","not_exposed","public_indexable_static","not_checked","not_checked","not_checked","WebPage|BreadcrumbList","not_required"
"https://fermatmind.com/zh/terms","/zh/terms","zh","static_legal_help","true","","","not_exposed","public_indexable_static","not_checked","not_checked","not_checked","WebPage|BreadcrumbList","not_required"
"https://fermatmind.com/en/tests/category/career","/en/tests/category/career","en","test_category","true","","","not_exposed","public_indexable_hub","not_checked","not_checked","not_checked","CollectionPage|ItemList|BreadcrumbList","not_required"
"https://fermatmind.com/en/tests/category/personality","/en/tests/category/personality","en","test_category","true","","","not_exposed","public_indexable_hub","not_checked","not_checked","not_checked","CollectionPage|ItemList|BreadcrumbList","not_required"
"https://fermatmind.com/zh/tests/category/career","/zh/tests/category/career","zh","test_category","true","","","not_exposed","public_indexable_hub","not_checked","not_checked","not_checked","CollectionPage|ItemList|BreadcrumbList","not_required"
"https://fermatmind.com/zh/tests/category/personality","/zh/tests/category/personality","zh","test_category","true","","","not_exposed","public_indexable_hub","not_checked","not_checked","not_checked","CollectionPage|ItemList|BreadcrumbList","not_required"
"https://fermatmind.com/en/tests","/en/tests","en","tests_hub","true","","","not_exposed","public_indexable_hub","not_checked","not_checked","not_checked","CollectionPage|ItemList|BreadcrumbList","not_required"
"https://fermatmind.com/zh/tests","/zh/tests","zh","tests_hub","true","","","not_exposed","public_indexable_hub","not_checked","not_checked","not_checked","CollectionPage|ItemList|BreadcrumbList","not_required"
"https://fermatmind.com/en/topics","/en/topics","en","topics_hub","true","","","allow","public_indexable_hub","not_checked","not_checked","not_checked","WebPage|BreadcrumbList","not_required"
"https://fermatmind.com/zh/topics","/zh/topics","zh","topics_hub","true","","","allow","public_indexable_hub","not_checked","not_checked","not_checked","WebPage|BreadcrumbList","not_required"
"https://fermatmind.com/","/","zh","home","true","","","allow","public_indexable","not_checked","not_checked","not_checked","WebPage|Organization|ItemList","not_required"
"https://fermatmind.com/en","/en","en","home","true","","","allow","public_indexable","not_checked","not_checked","not_checked","WebPage|Organization|ItemList","not_required"
"https://fermatmind.com/en/articles","/en/articles","en","articles_hub","true","","","not_exposed","public_indexable_hub","not_checked","not_checked","not_checked","CollectionPage|BreadcrumbList","not_required"
"https://fermatmind.com/zh/articles","/zh/articles","zh","articles_hub","true","","","not_exposed","public_indexable_hub","not_checked","not_checked","not_checked","CollectionPage|BreadcrumbList","not_required"
"https://fermatmind.com/en/career/industries","/en/career/industries","en","career_hub","true","","","conditional","public_indexable_hub","not_checked","not_checked","not_checked","WebPage|BreadcrumbList","not_required"
"https://fermatmind.com/zh/career/industries","/zh/career/industries","zh","career_hub","true","","","conditional","public_indexable_hub","not_checked","not_checked","not_checked","WebPage|BreadcrumbList","not_required"
"https://fermatmind.com/en/career/industries/architecture-and-engineering","/en/career/industries/architecture-and-engineering","en","career_industry_detail","true","","","allow","public_indexable","not_checked","not_checked","not_checked","","not_required"
"https://fermatmind.com/zh/career/industries/architecture-and-engineering","/zh/career/industries/architecture-and-engineering","zh","career_industry_detail","true","","","allow","public_indexable","not_checked","not_checked","not_checked","","not_required"
"https://fermatmind.com/en/career/industries/arts-and-design","/en/career/industries/arts-and-design","en","career_industry_detail","true","","","allow","public_indexable","not_checked","not_checked","not_checked","","not_required"
"https://fermatmind.com/zh/career/industries/arts-and-design","/zh/career/industries/arts-and-design","zh","career_industry_detail","true","","","allow","public_indexable","not_checked","not_checked","not_checked","","not_required"
"https://fermatmind.com/en/career/industries/building-and-grounds-cleaning","/en/career/industries/building-and-grounds-cleaning","en","career_industry_detail","true","","","allow","public_indexable","not_checked","not_checked","not_checked","","not_required"
"https://fermatmind.com/zh/career/industries/building-and-grounds-cleaning","/zh/career/industries/building-and-grounds-cleaning","zh","career_industry_detail","true","","","allow","public_indexable","not_checked","not_checked","not_checked","","not_required"
"https://fermatmind.com/en/career/industries/business-and-financial","/en/career/industries/business-and-financial","en","career_industry_detail","true","","","allow","public_indexable","not_checked","not_checked","not_checked","","not_required"
"https://fermatmind.com/zh/career/industries/business-and-financial","/zh/career/industries/business-and-financial","zh","career_industry_detail","true","","","allow","public_indexable","not_checked","not_checked","not_checked","","not_required"
"https://fermatmind.com/en/career/industries/community-and-social-service","/en/career/industries/community-and-social-service","en","career_industry_detail","true","","","allow","public_indexable","not_checked","not_checked","not_checked","","not_required"
"https://fermatmind.com/zh/career/industries/community-and-social-service","/zh/career/industries/community-and-social-service","zh","career_industry_detail","true","","","allow","public_indexable","not_checked","not_checked","not_checked","","not_required"
"https://fermatmind.com/en/career/industries/computer-and-information-technology","/en/career/industries/computer-and-information-technology","en","career_industry_detail","true","","","allow","public_indexable","not_checked","not_checked","not_checked","","not_required"
"https://fermatmind.com/zh/career/industries/computer-and-information-technology","/zh/career/industries/computer-and-information-technology","zh","career_industry_detail","true","","","allow","public_indexable","not_checked","not_checked","not_checked","","not_required"
"https://fermatmind.com/en/career/industries/construction-and-extraction","/en/career/industries/construction-and-extraction","en","career_industry_detail","true","","","allow","public_indexable","not_checked","not_checked","not_checked","","not_required"
"https://fermatmind.com/zh/career/industries/construction-and-extraction","/zh/career/industries/construction-and-extraction","zh","career_industry_detail","true","","","allow","public_indexable","not_checked","not_checked","not_checked","","not_required"
"https://fermatmind.com/en/career/industries/education-training-and-library","/en/career/industries/education-training-and-library","en","career_industry_detail","true","","","allow","public_indexable","not_checked","not_checked","not_checked","","not_required"
"https://fermatmind.com/zh/career/industries/education-training-and-library","/zh/career/industries/education-training-and-library","zh","career_industry_detail","true","","","allow","public_indexable","not_checked","not_checked","not_checked","","not_required"
"https://fermatmind.com/en/career/industries/entertainment-and-sports","/en/career/industries/entertainment-and-sports","en","career_industry_detail","true","","","allow","public_indexable","not_checked","not_checked","not_checked","","not_required"
"https://fermatmind.com/zh/career/industries/entertainment-and-sports","/zh/career/industries/entertainment-and-sports","zh","career_industry_detail","true","","","allow","public_indexable","not_checked","not_checked","not_checked","","not_required"
"https://fermatmind.com/en/career/industries/farming-fishing-and-forestry","/en/career/industries/farming-fishing-and-forestry","en","career_industry_detail","true","","","allow","public_indexable","not_checked","not_checked","not_checked","","not_required"
"https://fermatmind.com/zh/career/industries/farming-fishing-and-forestry","/zh/career/industries/farming-fishing-and-forestry","zh","career_industry_detail","true","","","allow","public_indexable","not_checked","not_checked","not_checked","","not_required"
"https://fermatmind.com/en/career/industries/food-preparation-and-serving","/en/career/industries/food-preparation-and-serving","en","career_industry_detail","true","","","allow","public_indexable","not_checked","not_checked","not_checked","","not_required"
"https://fermatmind.com/zh/career/industries/food-preparation-and-serving","/zh/career/industries/food-preparation-and-serving","zh","career_industry_detail","true","","","allow","public_indexable","not_checked","not_checked","not_checked","","not_required"
"https://fermatmind.com/en/career/industries/healthcare","/en/career/industries/healthcare","en","career_industry_detail","true","","","allow","public_indexable","not_checked","not_checked","not_checked","","not_required"
"https://fermatmind.com/zh/career/industries/healthcare","/zh/career/industries/healthcare","zh","career_industry_detail","true","","","allow","public_indexable","not_checked","not_checked","not_checked","","not_required"
"https://fermatmind.com/en/career/industries/installation-maintenance-and-repair","/en/career/industries/installation-maintenance-and-repair","en","career_industry_detail","true","","","allow","public_indexable","not_checked","not_checked","not_checked","","not_required"
"https://fermatmind.com/zh/career/industries/installation-maintenance-and-repair","/zh/career/industries/installation-maintenance-and-repair","zh","career_industry_detail","true","","","allow","public_indexable","not_checked","not_checked","not_checked","","not_required"
"https://fermatmind.com/en/career/industries/legal","/en/career/industries/legal","en","career_industry_detail","true","","","allow","public_indexable","not_checked","not_checked","not_checked","","not_required"
"https://fermatmind.com/zh/career/industries/legal","/zh/career/industries/legal","zh","career_industry_detail","true","","","allow","public_indexable","not_checked","not_checked","not_checked","","not_required"
"https://fermatmind.com/en/career/industries/life-physical-and-social-science","/en/career/industries/life-physical-and-social-science","en","career_industry_detail","true","","","allow","public_indexable","not_checked","not_checked","not_checked","","not_required"
"https://fermatmind.com/zh/career/industries/life-physical-and-social-science","/zh/career/industries/life-physical-and-social-science","zh","career_industry_detail","true","","","allow","public_indexable","not_checked","not_checked","not_checked","","not_required"
"https://fermatmind.com/en/career/industries/management","/en/career/industries/management","en","career_industry_detail","true","","","allow","public_indexable","not_checked","not_checked","not_checked","","not_required"
"https://fermatmind.com/zh/career/industries/management","/zh/career/industries/management","zh","career_industry_detail","true","","","allow","public_indexable","not_checked","not_checked","not_checked","","not_required"
"https://fermatmind.com/en/career/industries/math","/en/career/industries/math","en","career_industry_detail","true","","","allow","public_indexable","not_checked","not_checked","not_checked","","not_required"
"https://fermatmind.com/zh/career/industries/math","/zh/career/industries/math","zh","career_industry_detail","true","","","allow","public_indexable","not_checked","not_checked","not_checked","","not_required"
"https://fermatmind.com/en/career/industries/media-and-communication","/en/career/industries/media-and-communication","en","career_industry_detail","true","","","allow","public_indexable","not_checked","not_checked","not_checked","","not_required"
"https://fermatmind.com/zh/career/industries/media-and-communication","/zh/career/industries/media-and-communication","zh","career_industry_detail","true","","","allow","public_indexable","not_checked","not_checked","not_checked","","not_required"
"https://fermatmind.com/en/career/industries/military","/en/career/industries/military","en","career_industry_detail","true","","","allow","public_indexable","not_checked","not_checked","not_checked","","not_required"
"https://fermatmind.com/zh/career/industries/military","/zh/career/industries/military","zh","career_industry_detail","true","","","allow","public_indexable","not_checked","not_checked","not_checked","","not_required"
"https://fermatmind.com/en/career/industries/office-and-administrative-support","/en/career/industries/office-and-administrative-support","en","career_industry_detail","true","","","allow","public_indexable","not_checked","not_checked","not_checked","","not_required"
"https://fermatmind.com/zh/career/industries/office-and-administrative-support","/zh/career/industries/office-and-administrative-support","zh","career_industry_detail","true","","","allow","public_indexable","not_checked","not_checked","not_checked","","not_required"
"https://fermatmind.com/en/career/industries/personal-care-and-service","/en/career/industries/personal-care-and-service","en","career_industry_detail","true","","","allow","public_indexable","not_checked","not_checked","not_checked","","not_required"
"https://fermatmind.com/zh/career/industries/personal-care-and-service","/zh/career/industries/personal-care-and-service","zh","career_industry_detail","true","","","allow","public_indexable","not_checked","not_checked","not_checked","","not_required"
"https://fermatmind.com/en/career/industries/production","/en/career/industries/production","en","career_industry_detail","true","","","allow","public_indexable","not_checked","not_checked","not_checked","","not_required"
"https://fermatmind.com/zh/career/industries/production","/zh/career/industries/production","zh","career_industry_detail","true","","","allow","public_indexable","not_checked","not_checked","not_checked","","not_required"
"https://fermatmind.com/en/career/industries/protective-service","/en/career/industries/protective-service","en","career_industry_detail","true","","","allow","public_indexable","not_checked","not_checked","not_checked","","not_required"
"https://fermatmind.com/zh/career/industries/protective-service","/zh/career/industries/protective-service","zh","career_industry_detail","true","","","allow","public_indexable","not_checked","not_checked","not_checked","","not_required"
"https://fermatmind.com/en/career/industries/sales","/en/career/industries/sales","en","career_industry_detail","true","","","allow","public_indexable","not_checked","not_checked","not_checked","","not_required"
"https://fermatmind.com/zh/career/industries/sales","/zh/career/industries/sales","zh","career_industry_detail","true","","","allow","public_indexable","not_checked","not_checked","not_checked","","not_required"
"https://fermatmind.com/en/career/industries/transportation-and-material-moving","/en/career/industries/transportation-and-material-moving","en","career_industry_detail","true","","","allow","public_indexable","not_checked","not_checked","not_checked","","not_required"
"https://fermatmind.com/zh/career/industries/transportation-and-material-moving","/zh/career/industries/transportation-and-material-moving","zh","career_industry_detail","true","","","allow","public_indexable","not_checked","not_checked","not_checked","","not_required"
"https://fermatmind.com/en/topics/mbti","/en/topics/mbti","en","topic_detail","true","","","allow","public_indexable","not_checked","not_checked","not_checked","CollectionPage|WebPage|BreadcrumbList","partial"
"https://fermatmind.com/zh/topics/mbti","/zh/topics/mbti","zh","topic_detail","true","","","allow","public_indexable","not_checked","not_checked","not_checked","CollectionPage|WebPage|BreadcrumbList","partial"
"https://fermatmind.com/en/topics/big-five","/en/topics/big-five","en","topic_detail","true","","","allow","public_indexable","not_checked","not_checked","not_checked","CollectionPage|WebPage|BreadcrumbList","partial"
"https://fermatmind.com/zh/topics/big-five","/zh/topics/big-five","zh","topic_detail","true","","","allow","public_indexable","not_checked","not_checked","not_checked","CollectionPage|WebPage|BreadcrumbList","partial"
"https://fermatmind.com/en/topics/iq-eq","/en/topics/iq-eq","en","topic_detail","true","","","allow","public_indexable","not_checked","not_checked","not_checked","CollectionPage|WebPage|BreadcrumbList","partial"
"https://fermatmind.com/zh/topics/iq-eq","/zh/topics/iq-eq","zh","topic_detail","true","","","allow","public_indexable","not_checked","not_checked","not_checked","CollectionPage|WebPage|BreadcrumbList","partial"
"https://fermatmind.com/en/tests/mbti-personality-test-16-personality-types","/en/tests/mbti-personality-test-16-personality-types","en","test_detail","true","","","allow","public_indexable","not_checked","not_checked","not_checked","WebPage|BreadcrumbList|FAQPage","partial"
"https://fermatmind.com/en/tests/big-five-personality-test-ocean-model","/en/tests/big-five-personality-test-ocean-model","en","test_detail","true","","","allow","public_indexable","not_checked","not_checked","not_checked","WebPage|BreadcrumbList|FAQPage","partial"
"https://fermatmind.com/en/tests/enneagram-personality-test-nine-types","/en/tests/enneagram-personality-test-nine-types","en","test_detail","true","","","allow","public_indexable","not_checked","not_checked","not_checked","WebPage|BreadcrumbList|FAQPage","partial"
"https://fermatmind.com/en/tests/holland-career-interest-test-riasec","/en/tests/holland-career-interest-test-riasec","en","test_detail","true","","","allow","public_indexable","not_checked","not_checked","not_checked","WebPage|BreadcrumbList|FAQPage","partial"
"https://fermatmind.com/en/tests/iq-test-intelligence-quotient-assessment","/en/tests/iq-test-intelligence-quotient-assessment","en","test_detail","true","","","allow","public_indexable","not_checked","not_checked","not_checked","WebPage|BreadcrumbList|FAQPage","partial"
"https://fermatmind.com/en/tests/eq-test-emotional-intelligence-assessment","/en/tests/eq-test-emotional-intelligence-assessment","en","test_detail","true","","","allow","public_indexable","not_checked","not_checked","not_checked","WebPage|BreadcrumbList|FAQPage","partial"
"https://fermatmind.com/zh/tests/mbti-personality-test-16-personality-types","/zh/tests/mbti-personality-test-16-personality-types","zh","test_detail","true","","","allow","public_indexable","not_checked","not_checked","not_checked","WebPage|BreadcrumbList|FAQPage","partial"
"https://fermatmind.com/zh/tests/big-five-personality-test-ocean-model","/zh/tests/big-five-personality-test-ocean-model","zh","test_detail","true","","","allow","public_indexable","not_checked","not_checked","not_checked","WebPage|BreadcrumbList|FAQPage","partial"
"https://fermatmind.com/zh/tests/enneagram-personality-test-nine-types","/zh/tests/enneagram-personality-test-nine-types","zh","test_detail","true","","","allow","public_indexable","not_checked","not_checked","not_checked","WebPage|BreadcrumbList|FAQPage","partial"
"https://fermatmind.com/zh/tests/holland-career-interest-test-riasec","/zh/tests/holland-career-interest-test-riasec","zh","test_detail","true","","","allow","public_indexable","not_checked","not_checked","not_checked","WebPage|BreadcrumbList|FAQPage","partial"
"https://fermatmind.com/zh/tests/iq-test-intelligence-quotient-assessment","/zh/tests/iq-test-intelligence-quotient-assessment","zh","test_detail","true","","","allow","public_indexable","not_checked","not_checked","not_checked","WebPage|BreadcrumbList|FAQPage","partial"
"https://fermatmind.com/zh/tests/eq-test-emotional-intelligence-assessment","/zh/tests/eq-test-emotional-intelligence-assessment","zh","test_detail","true","","","allow","public_indexable","not_checked","not_checked","not_checked","WebPage|BreadcrumbList|FAQPage","partial"
"https://fermatmind.com/en/articles/best-valentines-date-by-personality-and-relationship-science","/en/articles/best-valentines-date-by-personality-and-relationship-science","en","article_detail","true","","","allow","public_indexable","not_checked","not_checked","not_checked","Article|BreadcrumbList","partial"
"https://fermatmind.com/en/articles/are-infj-men-rare-or-socially-silenced","/en/articles/are-infj-men-rare-or-socially-silenced","en","article_detail","true","","","allow","public_indexable","not_checked","not_checked","not_checked","Article|BreadcrumbList","partial"
"https://fermatmind.com/en/articles/which-love-script-fits-you-best","/en/articles/which-love-script-fits-you-best","en","article_detail","true","","","allow","public_indexable","not_checked","not_checked","not_checked","Article|BreadcrumbList","partial"
"https://fermatmind.com/en/articles/how-personality-shapes-attitude-toward-ai","/en/articles/how-personality-shapes-attitude-toward-ai","en","article_detail","true","","","allow","public_indexable","not_checked","not_checked","not_checked","Article|BreadcrumbList","partial"
"https://fermatmind.com/en/articles/how-16-personality-types-talk-to-an-ai-coach","/en/articles/how-16-personality-types-talk-to-an-ai-coach","en","article_detail","true","","","allow","public_indexable","not_checked","not_checked","not_checked","Article|BreadcrumbList","partial"
"https://fermatmind.com/en/articles/childhood-dream-job-still-shapes-career-choice","/en/articles/childhood-dream-job-still-shapes-career-choice","en","article_detail","true","","","allow","public_indexable","not_checked","not_checked","not_checked","Article|BreadcrumbList","partial"
"https://fermatmind.com/zh/articles/which-love-script-fits-you-best","/zh/articles/which-love-script-fits-you-best","zh","article_detail","true","","","allow","public_indexable","not_checked","not_checked","not_checked","Article|BreadcrumbList","partial"
"https://fermatmind.com/zh/articles/how-personality-shapes-attitude-toward-ai","/zh/articles/how-personality-shapes-attitude-toward-ai","zh","article_detail","true","","","allow","public_indexable","not_checked","not_checked","not_checked","Article|BreadcrumbList","partial"
"https://fermatmind.com/zh/articles/how-16-personality-types-talk-to-an-ai-coach","/zh/articles/how-16-personality-types-talk-to-an-ai-coach","zh","article_detail","true","","","allow","public_indexable","not_checked","not_checked","not_checked","Article|BreadcrumbList","partial"
"https://fermatmind.com/zh/articles/childhood-dream-job-still-shapes-career-choice","/zh/articles/childhood-dream-job-still-shapes-career-choice","zh","article_detail","true","","","allow","public_indexable","not_checked","not_checked","not_checked","Article|BreadcrumbList","partial"
"https://fermatmind.com/zh/articles/best-valentines-date-by-personality-and-relationship-science","/zh/articles/best-valentines-date-by-personality-and-relationship-science","zh","article_detail","true","","","allow","public_indexable","not_checked","not_checked","not_checked","Article|BreadcrumbList","partial"
"https://fermatmind.com/zh/articles/are-infj-men-rare-or-socially-silenced","/zh/articles/are-infj-men-rare-or-socially-silenced","zh","article_detail","true","","","allow","public_indexable","not_checked","not_checked","not_checked","Article|BreadcrumbList","partial"
"https://fermatmind.com/zh/articles/mbti-narrative-portrait","/zh/articles/mbti-narrative-portrait","zh","article_detail","true","","","allow","public_indexable","not_checked","not_checked","not_checked","Article|BreadcrumbList","partial"
"https://fermatmind.com/zh/articles/mbti-growth-guide","/zh/articles/mbti-growth-guide","zh","article_detail","true","","","allow","public_indexable","not_checked","not_checked","not_checked","Article|BreadcrumbList","partial"
"https://fermatmind.com/zh/articles/mbti-basics","/zh/articles/mbti-basics","zh","article_detail","true","","","allow","public_indexable","not_checked","not_checked","not_checked","Article|BreadcrumbList","partial"
"https://fermatmind.com/zh/articles/iq-test-tool-guide","/zh/articles/iq-test-tool-guide","zh","article_detail","true","","","allow","public_indexable","not_checked","not_checked","not_checked","Article|BreadcrumbList","partial"
"https://fermatmind.com/zh/articles/iq-test-narrative-portrait","/zh/articles/iq-test-narrative-portrait","zh","article_detail","true","","","allow","public_indexable","not_checked","not_checked","not_checked","Article|BreadcrumbList","partial"
"https://fermatmind.com/zh/articles/iq-test-growth-guide","/zh/articles/iq-test-growth-guide","zh","article_detail","true","","","allow","public_indexable","not_checked","not_checked","not_checked","Article|BreadcrumbList","partial"
"https://fermatmind.com/zh/articles/eq-test-tool-guide","/zh/articles/eq-test-tool-guide","zh","article_detail","true","","","allow","public_indexable","not_checked","not_checked","not_checked","Article|BreadcrumbList","partial"
"https://fermatmind.com/zh/articles/big-five-tool-guide","/zh/articles/big-five-tool-guide","zh","article_detail","true","","","allow","public_indexable","not_checked","not_checked","not_checked","Article|BreadcrumbList","partial"
"https://fermatmind.com/zh/articles/big-five-narrative-portrait","/zh/articles/big-five-narrative-portrait","zh","article_detail","true","","","allow","public_indexable","not_checked","not_checked","not_checked","Article|BreadcrumbList","partial"
"https://fermatmind.com/zh/articles/big-five-growth-guide","/zh/articles/big-five-growth-guide","zh","article_detail","true","","","allow","public_indexable","not_checked","not_checked","not_checked","Article|BreadcrumbList","partial"
"https://fermatmind.com/zh/career/guides/annual-career-review-system","/zh/career/guides/annual-career-review-system","zh","career_guide_detail","true","","","conditional","public_indexable","not_checked","not_checked","not_checked","Article|BreadcrumbList","partial"
"https://fermatmind.com/zh/career/guides/big5-for-career-decisions","/zh/career/guides/big5-for-career-decisions","zh","career_guide_detail","true","","","conditional","public_indexable","not_checked","not_checked","not_checked","Article|BreadcrumbList","partial"
"https://fermatmind.com/zh/career/guides/build-five-year-career-roadmap","/zh/career/guides/build-five-year-career-roadmap","zh","career_guide_detail","true","","","conditional","public_indexable","not_checked","not_checked","not_checked","Article|BreadcrumbList","partial"
"https://fermatmind.com/zh/career/guides/build-portfolio-for-career-switch","/zh/career/guides/build-portfolio-for-career-switch","zh","career_guide_detail","true","","","conditional","public_indexable","not_checked","not_checked","not_checked","Article|BreadcrumbList","partial"
"https://fermatmind.com/zh/career/guides/career-growth-with-manager","/zh/career/guides/career-growth-with-manager","zh","career_guide_detail","true","","","conditional","public_indexable","not_checked","not_checked","not_checked","Article|BreadcrumbList","partial"
"https://fermatmind.com/zh/career/guides/career-risk-management","/zh/career/guides/career-risk-management","zh","career_guide_detail","true","","","conditional","public_indexable","not_checked","not_checked","not_checked","Article|BreadcrumbList","partial"
"https://fermatmind.com/zh/career/guides/career-transition-playbook","/zh/career/guides/career-transition-playbook","zh","career_guide_detail","true","","","conditional","public_indexable","not_checked","not_checked","not_checked","Article|BreadcrumbList","partial"
"https://fermatmind.com/zh/career/guides/cross-industry-move-strategy","/zh/career/guides/cross-industry-move-strategy","zh","career_guide_detail","true","","","conditional","public_indexable","not_checked","not_checked","not_checked","Article|BreadcrumbList","partial"
"https://fermatmind.com/zh/career/guides/first-90-days-in-new-role","/zh/career/guides/first-90-days-in-new-role","zh","career_guide_detail","true","","","conditional","public_indexable","not_checked","not_checked","not_checked","Article|BreadcrumbList","partial"
"https://fermatmind.com/zh/career/guides/from-mbti-to-job-fit","/zh/career/guides/from-mbti-to-job-fit","zh","career_guide_detail","true","","","conditional","public_indexable","not_checked","not_checked","not_checked","Article|BreadcrumbList","partial"
"https://fermatmind.com/zh/career/guides/how-to-choose-college-major","/zh/career/guides/how-to-choose-college-major","zh","career_guide_detail","true","","","conditional","public_indexable","not_checked","not_checked","not_checked","Article|BreadcrumbList","partial"
"https://fermatmind.com/zh/career/guides/how-to-find-right-career-direction","/zh/career/guides/how-to-find-right-career-direction","zh","career_guide_detail","true","","","conditional","public_indexable","not_checked","not_checked","not_checked","Article|BreadcrumbList","partial"
"https://fermatmind.com/zh/career/guides/improve-workplace-competitiveness","/zh/career/guides/improve-workplace-competitiveness","zh","career_guide_detail","true","","","conditional","public_indexable","not_checked","not_checked","not_checked","Article|BreadcrumbList","partial"
"https://fermatmind.com/zh/career/guides/interview-strategy-by-role","/zh/career/guides/interview-strategy-by-role","zh","career_guide_detail","true","","","conditional","public_indexable","not_checked","not_checked","not_checked","Article|BreadcrumbList","partial"
"https://fermatmind.com/zh/career/guides/iq-eq-balance-at-work","/zh/career/guides/iq-eq-balance-at-work","zh","career_guide_detail","true","","","conditional","public_indexable","not_checked","not_checked","not_checked","Article|BreadcrumbList","partial"
"https://fermatmind.com/zh/career/guides/leader-track-vs-expert-track","/zh/career/guides/leader-track-vs-expert-track","zh","career_guide_detail","true","","","conditional","public_indexable","not_checked","not_checked","not_checked","Article|BreadcrumbList","partial"
"https://fermatmind.com/zh/career/guides/networking-that-actually-works","/zh/career/guides/networking-that-actually-works","zh","career_guide_detail","true","","","conditional","public_indexable","not_checked","not_checked","not_checked","Article|BreadcrumbList","partial"
"https://fermatmind.com/zh/career/guides/personal-brand-for-professionals","/zh/career/guides/personal-brand-for-professionals","zh","career_guide_detail","true","","","conditional","public_indexable","not_checked","not_checked","not_checked","Article|BreadcrumbList","partial"
"https://fermatmind.com/zh/career/guides/prevent-burnout-while-growing","/zh/career/guides/prevent-burnout-while-growing","zh","career_guide_detail","true","","","conditional","public_indexable","not_checked","not_checked","not_checked","Article|BreadcrumbList","partial"
"https://fermatmind.com/zh/career/guides/salary-negotiation-framework","/zh/career/guides/salary-negotiation-framework","zh","career_guide_detail","true","","","conditional","public_indexable","not_checked","not_checked","not_checked","Article|BreadcrumbList","partial"
"https://fermatmind.com/zh/career/jobs/accountants-and-auditors","/zh/career/jobs/accountants-and-auditors","zh","career_job_detail","true","","","conditional","public_indexable_backend_gated","not_checked","not_checked","not_checked","Occupation|BreadcrumbList","not_ready"
"https://fermatmind.com/zh/career/jobs/actors","/zh/career/jobs/actors","zh","career_job_detail","true","","","conditional","public_indexable_backend_gated","not_checked","not_checked","not_checked","Occupation|BreadcrumbList","not_ready"
"https://fermatmind.com/zh/career/jobs/actuaries","/zh/career/jobs/actuaries","zh","career_job_detail","true","","","conditional","public_indexable_backend_gated","not_checked","not_checked","not_checked","Occupation|BreadcrumbList","not_ready"
"https://fermatmind.com/zh/career/jobs/administrative-services-managers","/zh/career/jobs/administrative-services-managers","zh","career_job_detail","true","","","conditional","public_indexable_backend_gated","not_checked","not_checked","not_checked","Occupation|BreadcrumbList","not_ready"
"https://fermatmind.com/zh/career/jobs/adult-literacy-and-ged-teachers","/zh/career/jobs/adult-literacy-and-ged-teachers","zh","career_job_detail","true","","","conditional","public_indexable_backend_gated","not_checked","not_checked","not_checked","Occupation|BreadcrumbList","not_ready"
"https://fermatmind.com/zh/career/jobs/advertising-promotions-and-marketing-managers","/zh/career/jobs/advertising-promotions-and-marketing-managers","zh","career_job_detail","true","","","conditional","public_indexable_backend_gated","not_checked","not_checked","not_checked","Occupation|BreadcrumbList","not_ready"
"https://fermatmind.com/zh/career/jobs/advertising-sales-agents","/zh/career/jobs/advertising-sales-agents","zh","career_job_detail","true","","","conditional","public_indexable_backend_gated","not_checked","not_checked","not_checked","Occupation|BreadcrumbList","not_ready"
"https://fermatmind.com/zh/career/jobs/aerospace-engineering-and-operations-technicians","/zh/career/jobs/aerospace-engineering-and-operations-technicians","zh","career_job_detail","true","","","conditional","public_indexable_backend_gated","not_checked","not_checked","not_checked","Occupation|BreadcrumbList","not_ready"
"https://fermatmind.com/zh/career/jobs/agricultural-and-food-science-technicians","/zh/career/jobs/agricultural-and-food-science-technicians","zh","career_job_detail","true","","","conditional","public_indexable_backend_gated","not_checked","not_checked","not_checked","Occupation|BreadcrumbList","not_ready"
"https://fermatmind.com/zh/career/jobs/agricultural-engineers","/zh/career/jobs/agricultural-engineers","zh","career_job_detail","true","","","conditional","public_indexable_backend_gated","not_checked","not_checked","not_checked","Occupation|BreadcrumbList","not_ready"
"https://fermatmind.com/zh/career/jobs/air-traffic-controllers","/zh/career/jobs/air-traffic-controllers","zh","career_job_detail","true","","","conditional","public_indexable_backend_gated","not_checked","not_checked","not_checked","Occupation|BreadcrumbList","not_ready"
"https://fermatmind.com/zh/career/jobs/aircraft-and-avionics-equipment-mechanics-and-technicians","/zh/career/jobs/aircraft-and-avionics-equipment-mechanics-and-technicians","zh","career_job_detail","true","","","conditional","public_indexable_backend_gated","not_checked","not_checked","not_checked","Occupation|BreadcrumbList","not_ready"
"https://fermatmind.com/zh/career/jobs/airline-and-commercial-pilots","/zh/career/jobs/airline-and-commercial-pilots","zh","career_job_detail","true","","","conditional","public_indexable_backend_gated","not_checked","not_checked","not_checked","Occupation|BreadcrumbList","not_ready"
"https://fermatmind.com/zh/career/jobs/animal-care-and-service-workers","/zh/career/jobs/animal-care-and-service-workers","zh","career_job_detail","true","","","conditional","public_indexable_backend_gated","not_checked","not_checked","not_checked","Occupation|BreadcrumbList","not_ready"
"https://fermatmind.com/zh/career/jobs/appraisers-and-assessors-of-real-estate","/zh/career/jobs/appraisers-and-assessors-of-real-estate","zh","career_job_detail","true","","","conditional","public_indexable_backend_gated","not_checked","not_checked","not_checked","Occupation|BreadcrumbList","not_ready"
"https://fermatmind.com/zh/career/jobs/architects","/zh/career/jobs/architects","zh","career_job_detail","true","","","conditional","public_indexable_backend_gated","not_checked","not_checked","not_checked","Occupation|BreadcrumbList","not_ready"
"https://fermatmind.com/zh/career/jobs/architectural-and-engineering-managers","/zh/career/jobs/architectural-and-engineering-managers","zh","career_job_detail","true","","","conditional","public_indexable_backend_gated","not_checked","not_checked","not_checked","Occupation|BreadcrumbList","not_ready"
"https://fermatmind.com/zh/career/jobs/art-directors","/zh/career/jobs/art-directors","zh","career_job_detail","true","","","conditional","public_indexable_backend_gated","not_checked","not_checked","not_checked","Occupation|BreadcrumbList","not_ready"
"https://fermatmind.com/zh/career/jobs/automotive-body-and-glass-repairers","/zh/career/jobs/automotive-body-and-glass-repairers","zh","career_job_detail","true","","","conditional","public_indexable_backend_gated","not_checked","not_checked","not_checked","Occupation|BreadcrumbList","not_ready"
"https://fermatmind.com/zh/career/jobs/bill-and-account-collectors","/zh/career/jobs/bill-and-account-collectors","zh","career_job_detail","true","","","conditional","public_indexable_backend_gated","not_checked","not_checked","not_checked","Occupation|BreadcrumbList","not_ready"
"https://fermatmind.com/zh/career/jobs/biochemists-and-biophysicists","/zh/career/jobs/biochemists-and-biophysicists","zh","career_job_detail","true","","","conditional","public_indexable_backend_gated","not_checked","not_checked","not_checked","Occupation|BreadcrumbList","not_ready"
"https://fermatmind.com/zh/career/jobs/biomedical-engineers","/zh/career/jobs/biomedical-engineers","zh","career_job_detail","true","","","conditional","public_indexable_backend_gated","not_checked","not_checked","not_checked","Occupation|BreadcrumbList","not_ready"
"https://fermatmind.com/zh/career/jobs/bookkeeping-accounting-and-auditing-clerks","/zh/career/jobs/bookkeeping-accounting-and-auditing-clerks","zh","career_job_detail","true","","","conditional","public_indexable_backend_gated","not_checked","not_checked","not_checked","Occupation|BreadcrumbList","not_ready"
"https://fermatmind.com/zh/career/jobs/budget-analysts","/zh/career/jobs/budget-analysts","zh","career_job_detail","true","","","conditional","public_indexable_backend_gated","not_checked","not_checked","not_checked","Occupation|BreadcrumbList","not_ready"
"https://fermatmind.com/zh/career/jobs/butchers-and-meat-cutters","/zh/career/jobs/butchers-and-meat-cutters","zh","career_job_detail","true","","","conditional","public_indexable_backend_gated","not_checked","not_checked","not_checked","Occupation|BreadcrumbList","not_ready"
"https://fermatmind.com/zh/career/jobs/cardiovascular-technologists-and-technicians","/zh/career/jobs/cardiovascular-technologists-and-technicians","zh","career_job_detail","true","","","conditional","public_indexable_backend_gated","not_checked","not_checked","not_checked","Occupation|BreadcrumbList","not_ready"
"https://fermatmind.com/zh/career/jobs/career-and-technical-education-teachers","/zh/career/jobs/career-and-technical-education-teachers","zh","career_job_detail","true","","","conditional","public_indexable_backend_gated","not_checked","not_checked","not_checked","Occupation|BreadcrumbList","not_ready"
"https://fermatmind.com/zh/career/jobs/carpenters","/zh/career/jobs/carpenters","zh","career_job_detail","true","","","conditional","public_indexable_backend_gated","not_checked","not_checked","not_checked","Occupation|BreadcrumbList","not_ready"
"https://fermatmind.com/zh/career/jobs/cashiers","/zh/career/jobs/cashiers","zh","career_job_detail","true","","","conditional","public_indexable_backend_gated","not_checked","not_checked","not_checked","Occupation|BreadcrumbList","not_ready"
"https://fermatmind.com/zh/career/jobs/chefs-and-head-cooks","/zh/career/jobs/chefs-and-head-cooks","zh","career_job_detail","true","","","conditional","public_indexable_backend_gated","not_checked","not_checked","not_checked","Occupation|BreadcrumbList","not_ready"
"https://fermatmind.com/zh/career/jobs/chemists-and-materials-scientists","/zh/career/jobs/chemists-and-materials-scientists","zh","career_job_detail","true","","","conditional","public_indexable_backend_gated","not_checked","not_checked","not_checked","Occupation|BreadcrumbList","not_ready"
"https://fermatmind.com/zh/career/jobs/chiropractors","/zh/career/jobs/chiropractors","zh","career_job_detail","true","","","conditional","public_indexable_backend_gated","not_checked","not_checked","not_checked","Occupation|BreadcrumbList","not_ready"
"https://fermatmind.com/zh/career/jobs/civil-engineers","/zh/career/jobs/civil-engineers","zh","career_job_detail","true","","","conditional","public_indexable_backend_gated","not_checked","not_checked","not_checked","Occupation|BreadcrumbList","not_ready"
"https://fermatmind.com/zh/career/jobs/clinical-laboratory-technologists-and-technicians","/zh/career/jobs/clinical-laboratory-technologists-and-technicians","zh","career_job_detail","true","","","conditional","public_indexable_backend_gated","not_checked","not_checked","not_checked","Occupation|BreadcrumbList","not_ready"
"https://fermatmind.com/zh/career/jobs/community-health-workers","/zh/career/jobs/community-health-workers","zh","career_job_detail","true","","","conditional","public_indexable_backend_gated","not_checked","not_checked","not_checked","Occupation|BreadcrumbList","not_ready"
"https://fermatmind.com/zh/career/jobs/compensation-and-benefits-managers","/zh/career/jobs/compensation-and-benefits-managers","zh","career_job_detail","true","","","conditional","public_indexable_backend_gated","not_checked","not_checked","not_checked","Occupation|BreadcrumbList","not_ready"
"https://fermatmind.com/zh/career/jobs/compensation-benefits-and-job-analysis-specialists","/zh/career/jobs/compensation-benefits-and-job-analysis-specialists","zh","career_job_detail","true","","","conditional","public_indexable_backend_gated","not_checked","not_checked","not_checked","Occupation|BreadcrumbList","not_ready"
"https://fermatmind.com/zh/career/jobs/computer-and-information-research-scientists","/zh/career/jobs/computer-and-information-research-scientists","zh","career_job_detail","true","","","conditional","public_indexable_backend_gated","not_checked","not_checked","not_checked","Occupation|BreadcrumbList","not_ready"
"https://fermatmind.com/zh/career/jobs/computer-and-information-systems-managers","/zh/career/jobs/computer-and-information-systems-managers","zh","career_job_detail","true","","","conditional","public_indexable_backend_gated","not_checked","not_checked","not_checked","Occupation|BreadcrumbList","not_ready"
"https://fermatmind.com/zh/career/jobs/computer-support-specialists","/zh/career/jobs/computer-support-specialists","zh","career_job_detail","true","","","conditional","public_indexable_backend_gated","not_checked","not_checked","not_checked","Occupation|BreadcrumbList","not_ready"
"https://fermatmind.com/zh/career/jobs/conservation-scientists","/zh/career/jobs/conservation-scientists","zh","career_job_detail","true","","","conditional","public_indexable_backend_gated","not_checked","not_checked","not_checked","Occupation|BreadcrumbList","not_ready"
"https://fermatmind.com/zh/career/jobs/construction-and-building-inspectors","/zh/career/jobs/construction-and-building-inspectors","zh","career_job_detail","true","","","conditional","public_indexable_backend_gated","not_checked","not_checked","not_checked","Occupation|BreadcrumbList","not_ready"
"https://fermatmind.com/zh/career/jobs/construction-managers","/zh/career/jobs/construction-managers","zh","career_job_detail","true","","","conditional","public_indexable_backend_gated","not_checked","not_checked","not_checked","Occupation|BreadcrumbList","not_ready"
"https://fermatmind.com/zh/career/jobs/correctional-officers","/zh/career/jobs/correctional-officers","zh","career_job_detail","true","","","conditional","public_indexable_backend_gated","not_checked","not_checked","not_checked","Occupation|BreadcrumbList","not_ready"
"https://fermatmind.com/zh/career/jobs/court-reporters","/zh/career/jobs/court-reporters","zh","career_job_detail","true","","","conditional","public_indexable_backend_gated","not_checked","not_checked","not_checked","Occupation|BreadcrumbList","not_ready"
"https://fermatmind.com/zh/career/jobs/credit-counselors","/zh/career/jobs/credit-counselors","zh","career_job_detail","true","","","conditional","public_indexable_backend_gated","not_checked","not_checked","not_checked","Occupation|BreadcrumbList","not_ready"
"https://fermatmind.com/zh/career/jobs/data-scientists","/zh/career/jobs/data-scientists","zh","career_job_detail","true","","","conditional","public_indexable_backend_gated","not_checked","not_checked","not_checked","Occupation|BreadcrumbList","not_ready"
"https://fermatmind.com/zh/career/jobs/database-administrators","/zh/career/jobs/database-administrators","zh","career_job_detail","true","","","conditional","public_indexable_backend_gated","not_checked","not_checked","not_checked","Occupation|BreadcrumbList","not_ready"
"https://fermatmind.com/zh/career/jobs/dental-assistants","/zh/career/jobs/dental-assistants","zh","career_job_detail","true","","","conditional","public_indexable_backend_gated","not_checked","not_checked","not_checked","Occupation|BreadcrumbList","not_ready"
"https://fermatmind.com/zh/career/jobs/dental-hygienists","/zh/career/jobs/dental-hygienists","zh","career_job_detail","true","","","conditional","public_indexable_backend_gated","not_checked","not_checked","not_checked","Occupation|BreadcrumbList","not_ready"
"https://fermatmind.com/zh/career/jobs/dentists","/zh/career/jobs/dentists","zh","career_job_detail","true","","","conditional","public_indexable_backend_gated","not_checked","not_checked","not_checked","Occupation|BreadcrumbList","not_ready"
"https://fermatmind.com/zh/career/jobs/desktop-publishers","/zh/career/jobs/desktop-publishers","zh","career_job_detail","true","","","conditional","public_indexable_backend_gated","not_checked","not_checked","not_checked","Occupation|BreadcrumbList","not_ready"
"https://fermatmind.com/zh/career/jobs/diagnostic-medical-sonographers","/zh/career/jobs/diagnostic-medical-sonographers","zh","career_job_detail","true","","","conditional","public_indexable_backend_gated","not_checked","not_checked","not_checked","Occupation|BreadcrumbList","not_ready"
"https://fermatmind.com/zh/career/jobs/electrical-and-electronics-engineering-technicians","/zh/career/jobs/electrical-and-electronics-engineering-technicians","zh","career_job_detail","true","","","conditional","public_indexable_backend_gated","not_checked","not_checked","not_checked","Occupation|BreadcrumbList","not_ready"
"https://fermatmind.com/zh/career/jobs/emergency-management-directors","/zh/career/jobs/emergency-management-directors","zh","career_job_detail","true","","","conditional","public_indexable_backend_gated","not_checked","not_checked","not_checked","Occupation|BreadcrumbList","not_ready"
"https://fermatmind.com/zh/career/jobs/environmental-engineering-technicians","/zh/career/jobs/environmental-engineering-technicians","zh","career_job_detail","true","","","conditional","public_indexable_backend_gated","not_checked","not_checked","not_checked","Occupation|BreadcrumbList","not_ready"
"https://fermatmind.com/zh/career/jobs/epidemiologists","/zh/career/jobs/epidemiologists","zh","career_job_detail","true","","","conditional","public_indexable_backend_gated","not_checked","not_checked","not_checked","Occupation|BreadcrumbList","not_ready"
"https://fermatmind.com/zh/career/jobs/exercise-physiologists","/zh/career/jobs/exercise-physiologists","zh","career_job_detail","true","","","conditional","public_indexable_backend_gated","not_checked","not_checked","not_checked","Occupation|BreadcrumbList","not_ready"
"https://fermatmind.com/zh/career/jobs/financial-analysts","/zh/career/jobs/financial-analysts","zh","career_job_detail","true","","","conditional","public_indexable_backend_gated","not_checked","not_checked","not_checked","Occupation|BreadcrumbList","not_ready"
"https://fermatmind.com/zh/career/jobs/financial-examiners","/zh/career/jobs/financial-examiners","zh","career_job_detail","true","","","conditional","public_indexable_backend_gated","not_checked","not_checked","not_checked","Occupation|BreadcrumbList","not_ready"
"https://fermatmind.com/zh/career/jobs/financial-managers","/zh/career/jobs/financial-managers","zh","career_job_detail","true","","","conditional","public_indexable_backend_gated","not_checked","not_checked","not_checked","Occupation|BreadcrumbList","not_ready"
"https://fermatmind.com/zh/career/jobs/fire-inspectors-and-investigators","/zh/career/jobs/fire-inspectors-and-investigators","zh","career_job_detail","true","","","conditional","public_indexable_backend_gated","not_checked","not_checked","not_checked","Occupation|BreadcrumbList","not_ready"
"https://fermatmind.com/zh/career/jobs/food-preparation-workers","/zh/career/jobs/food-preparation-workers","zh","career_job_detail","true","","","conditional","public_indexable_backend_gated","not_checked","not_checked","not_checked","Occupation|BreadcrumbList","not_ready"
"https://fermatmind.com/zh/career/jobs/food-service-managers","/zh/career/jobs/food-service-managers","zh","career_job_detail","true","","","conditional","public_indexable_backend_gated","not_checked","not_checked","not_checked","Occupation|BreadcrumbList","not_ready"
"https://fermatmind.com/zh/career/jobs/genetic-counselors","/zh/career/jobs/genetic-counselors","zh","career_job_detail","true","","","conditional","public_indexable_backend_gated","not_checked","not_checked","not_checked","Occupation|BreadcrumbList","not_ready"
"https://fermatmind.com/zh/career/jobs/geographers","/zh/career/jobs/geographers","zh","career_job_detail","true","","","conditional","public_indexable_backend_gated","not_checked","not_checked","not_checked","Occupation|BreadcrumbList","not_ready"
"https://fermatmind.com/zh/career/jobs/glaziers","/zh/career/jobs/glaziers","zh","career_job_detail","true","","","conditional","public_indexable_backend_gated","not_checked","not_checked","not_checked","Occupation|BreadcrumbList","not_ready"
"https://fermatmind.com/zh/career/jobs/hazardous-materials-removal-workers","/zh/career/jobs/hazardous-materials-removal-workers","zh","career_job_detail","true","","","conditional","public_indexable_backend_gated","not_checked","not_checked","not_checked","Occupation|BreadcrumbList","not_ready"
"https://fermatmind.com/zh/career/jobs/health-information-technologists-and-medical-registrars","/zh/career/jobs/health-information-technologists-and-medical-registrars","zh","career_job_detail","true","","","conditional","public_indexable_backend_gated","not_checked","not_checked","not_checked","Occupation|BreadcrumbList","not_ready"
"https://fermatmind.com/zh/career/jobs/high-school-teachers","/zh/career/jobs/high-school-teachers","zh","career_job_detail","true","","","conditional","public_indexable_backend_gated","not_checked","not_checked","not_checked","Occupation|BreadcrumbList","not_ready"
"https://fermatmind.com/zh/career/jobs/historians","/zh/career/jobs/historians","zh","career_job_detail","true","","","conditional","public_indexable_backend_gated","not_checked","not_checked","not_checked","Occupation|BreadcrumbList","not_ready"
"https://fermatmind.com/zh/career/jobs/human-resources-managers","/zh/career/jobs/human-resources-managers","zh","career_job_detail","true","","","conditional","public_indexable_backend_gated","not_checked","not_checked","not_checked","Occupation|BreadcrumbList","not_ready"
"https://fermatmind.com/zh/career/jobs/human-resources-specialists","/zh/career/jobs/human-resources-specialists","zh","career_job_detail","true","","","conditional","public_indexable_backend_gated","not_checked","not_checked","not_checked","Occupation|BreadcrumbList","not_ready"
"https://fermatmind.com/zh/career/jobs/lawyers","/zh/career/jobs/lawyers","zh","career_job_detail","true","","","conditional","public_indexable_backend_gated","not_checked","not_checked","not_checked","Occupation|BreadcrumbList","not_ready"
"https://fermatmind.com/zh/career/jobs/management-analysts","/zh/career/jobs/management-analysts","zh","career_job_detail","true","","","conditional","public_indexable_backend_gated","not_checked","not_checked","not_checked","Occupation|BreadcrumbList","not_ready"
"https://fermatmind.com/zh/career/jobs/market-research-analysts","/zh/career/jobs/market-research-analysts","zh","career_job_detail","true","","","conditional","public_indexable_backend_gated","not_checked","not_checked","not_checked","Occupation|BreadcrumbList","not_ready"
"https://fermatmind.com/zh/career/jobs/nursing-assistants","/zh/career/jobs/nursing-assistants","zh","career_job_detail","true","","","conditional","public_indexable_backend_gated","not_checked","not_checked","not_checked","Occupation|BreadcrumbList","not_ready"
"https://fermatmind.com/zh/career/jobs/opticians-dispensing","/zh/career/jobs/opticians-dispensing","zh","career_job_detail","true","","","conditional","public_indexable_backend_gated","not_checked","not_checked","not_checked","Occupation|BreadcrumbList","not_ready"
"https://fermatmind.com/zh/career/jobs/pharmacists","/zh/career/jobs/pharmacists","zh","career_job_detail","true","","","conditional","public_indexable_backend_gated","not_checked","not_checked","not_checked","Occupation|BreadcrumbList","not_ready"
"https://fermatmind.com/zh/career/jobs/project-management-specialists","/zh/career/jobs/project-management-specialists","zh","career_job_detail","true","","","conditional","public_indexable_backend_gated","not_checked","not_checked","not_checked","Occupation|BreadcrumbList","not_ready"
"https://fermatmind.com/zh/career/jobs/public-relations-managers","/zh/career/jobs/public-relations-managers","zh","career_job_detail","true","","","conditional","public_indexable_backend_gated","not_checked","not_checked","not_checked","Occupation|BreadcrumbList","not_ready"
"https://fermatmind.com/zh/career/jobs/registered-nurses","/zh/career/jobs/registered-nurses","zh","career_job_detail","true","","","conditional","public_indexable_backend_gated","not_checked","not_checked","not_checked","Occupation|BreadcrumbList","not_ready"
"https://fermatmind.com/zh/career/jobs/security-guards","/zh/career/jobs/security-guards","zh","career_job_detail","true","","","conditional","public_indexable_backend_gated","not_checked","not_checked","not_checked","Occupation|BreadcrumbList","not_ready"
"https://fermatmind.com/zh/career/jobs/structural-iron-and-steel-workers","/zh/career/jobs/structural-iron-and-steel-workers","zh","career_job_detail","true","","","conditional","public_indexable_backend_gated","not_checked","not_checked","not_checked","Occupation|BreadcrumbList","not_ready"
"https://fermatmind.com/zh/career/jobs/surgical-technologists","/zh/career/jobs/surgical-technologists","zh","career_job_detail","true","","","conditional","public_indexable_backend_gated","not_checked","not_checked","not_checked","Occupation|BreadcrumbList","not_ready"
"https://fermatmind.com/zh/career/jobs/telecommunications-equipment-installers-and-repairers-except-line-installers","/zh/career/jobs/telecommunications-equipment-installers-and-repairers-except-line-installers","zh","career_job_detail","true","","","conditional","public_indexable_backend_gated","not_checked","not_checked","not_checked","Occupation|BreadcrumbList","not_ready"
"https://fermatmind.com/zh/career/jobs/web-developers","/zh/career/jobs/web-developers","zh","career_job_detail","true","","","conditional","public_indexable_backend_gated","not_checked","not_checked","not_checked","Occupation|BreadcrumbList","not_ready"
"https://fermatmind.com/en/career/family/business-and-financial-37ec69bd","/en/career/family/business-and-financial-37ec69bd","en","career_family","true","","","allow","public_indexable_backend_gated","not_checked","not_checked","not_checked","CollectionPage|ItemList|BreadcrumbList","partial"
"https://fermatmind.com/en/career/family/business-and-financial-a0352070","/en/career/family/business-and-financial-a0352070","en","career_family","true","","","allow","public_indexable_backend_gated","not_checked","not_checked","not_checked","CollectionPage|ItemList|BreadcrumbList","partial"
"https://fermatmind.com/en/career/family/computer-and-information-technology","/en/career/family/computer-and-information-technology","en","career_family","true","","","allow","public_indexable_backend_gated","not_checked","not_checked","not_checked","CollectionPage|ItemList|BreadcrumbList","partial"
"https://fermatmind.com/en/career/family/healthcare","/en/career/family/healthcare","en","career_family","true","","","allow","public_indexable_backend_gated","not_checked","not_checked","not_checked","CollectionPage|ItemList|BreadcrumbList","partial"
"https://fermatmind.com/zh/career/family/business-and-financial-37ec69bd","/zh/career/family/business-and-financial-37ec69bd","zh","career_family","true","","","allow","public_indexable_backend_gated","not_checked","not_checked","not_checked","CollectionPage|ItemList|BreadcrumbList","partial"
"https://fermatmind.com/zh/career/family/business-and-financial-a0352070","/zh/career/family/business-and-financial-a0352070","zh","career_family","true","","","allow","public_indexable_backend_gated","not_checked","not_checked","not_checked","CollectionPage|ItemList|BreadcrumbList","partial"
"https://fermatmind.com/zh/career/family/computer-and-information-technology","/zh/career/family/computer-and-information-technology","zh","career_family","true","","","allow","public_indexable_backend_gated","not_checked","not_checked","not_checked","CollectionPage|ItemList|BreadcrumbList","partial"
"https://fermatmind.com/zh/career/family/healthcare","/zh/career/family/healthcare","zh","career_family","true","","","allow","public_indexable_backend_gated","not_checked","not_checked","not_checked","CollectionPage|ItemList|BreadcrumbList","partial"
"https://fermatmind.com/en/personality/enfj-a","/en/personality/enfj-a","en","personality_detail","true","","","allow","public_indexable","not_checked","not_checked","not_checked","AboutPage|DefinedTerm|WebPage|BreadcrumbList","partial"
"https://fermatmind.com/en/personality/enfj-t","/en/personality/enfj-t","en","personality_detail","true","","","allow","public_indexable","not_checked","not_checked","not_checked","AboutPage|DefinedTerm|WebPage|BreadcrumbList","partial"
"https://fermatmind.com/en/personality/enfp-a","/en/personality/enfp-a","en","personality_detail","true","","","allow","public_indexable","not_checked","not_checked","not_checked","AboutPage|DefinedTerm|WebPage|BreadcrumbList","partial"
"https://fermatmind.com/en/personality/enfp-t","/en/personality/enfp-t","en","personality_detail","true","","","allow","public_indexable","not_checked","not_checked","not_checked","AboutPage|DefinedTerm|WebPage|BreadcrumbList","partial"
"https://fermatmind.com/en/personality/entj-a","/en/personality/entj-a","en","personality_detail","true","","","allow","public_indexable","not_checked","not_checked","not_checked","AboutPage|DefinedTerm|WebPage|BreadcrumbList","partial"
"https://fermatmind.com/en/personality/entj-t","/en/personality/entj-t","en","personality_detail","true","","","allow","public_indexable","not_checked","not_checked","not_checked","AboutPage|DefinedTerm|WebPage|BreadcrumbList","partial"
"https://fermatmind.com/en/personality/entp-a","/en/personality/entp-a","en","personality_detail","true","","","allow","public_indexable","not_checked","not_checked","not_checked","AboutPage|DefinedTerm|WebPage|BreadcrumbList","partial"
"https://fermatmind.com/en/personality/entp-t","/en/personality/entp-t","en","personality_detail","true","","","allow","public_indexable","not_checked","not_checked","not_checked","AboutPage|DefinedTerm|WebPage|BreadcrumbList","partial"
"https://fermatmind.com/en/personality/esfj-a","/en/personality/esfj-a","en","personality_detail","true","","","allow","public_indexable","not_checked","not_checked","not_checked","AboutPage|DefinedTerm|WebPage|BreadcrumbList","partial"
"https://fermatmind.com/en/personality/esfj-t","/en/personality/esfj-t","en","personality_detail","true","","","allow","public_indexable","not_checked","not_checked","not_checked","AboutPage|DefinedTerm|WebPage|BreadcrumbList","partial"
"https://fermatmind.com/en/personality/esfp-a","/en/personality/esfp-a","en","personality_detail","true","","","allow","public_indexable","not_checked","not_checked","not_checked","AboutPage|DefinedTerm|WebPage|BreadcrumbList","partial"
"https://fermatmind.com/en/personality/esfp-t","/en/personality/esfp-t","en","personality_detail","true","","","allow","public_indexable","not_checked","not_checked","not_checked","AboutPage|DefinedTerm|WebPage|BreadcrumbList","partial"
"https://fermatmind.com/en/personality/estj-a","/en/personality/estj-a","en","personality_detail","true","","","allow","public_indexable","not_checked","not_checked","not_checked","AboutPage|DefinedTerm|WebPage|BreadcrumbList","partial"
"https://fermatmind.com/en/personality/estj-t","/en/personality/estj-t","en","personality_detail","true","","","allow","public_indexable","not_checked","not_checked","not_checked","AboutPage|DefinedTerm|WebPage|BreadcrumbList","partial"
"https://fermatmind.com/en/personality/estp-a","/en/personality/estp-a","en","personality_detail","true","","","allow","public_indexable","not_checked","not_checked","not_checked","AboutPage|DefinedTerm|WebPage|BreadcrumbList","partial"
"https://fermatmind.com/en/personality/estp-t","/en/personality/estp-t","en","personality_detail","true","","","allow","public_indexable","not_checked","not_checked","not_checked","AboutPage|DefinedTerm|WebPage|BreadcrumbList","partial"
"https://fermatmind.com/en/personality/infj-a","/en/personality/infj-a","en","personality_detail","true","","","allow","public_indexable","not_checked","not_checked","not_checked","AboutPage|DefinedTerm|WebPage|BreadcrumbList","partial"
"https://fermatmind.com/en/personality/infj-t","/en/personality/infj-t","en","personality_detail","true","","","allow","public_indexable","not_checked","not_checked","not_checked","AboutPage|DefinedTerm|WebPage|BreadcrumbList","partial"
"https://fermatmind.com/en/personality/infp-a","/en/personality/infp-a","en","personality_detail","true","","","allow","public_indexable","not_checked","not_checked","not_checked","AboutPage|DefinedTerm|WebPage|BreadcrumbList","partial"
"https://fermatmind.com/en/personality/infp-t","/en/personality/infp-t","en","personality_detail","true","","","allow","public_indexable","not_checked","not_checked","not_checked","AboutPage|DefinedTerm|WebPage|BreadcrumbList","partial"
"https://fermatmind.com/en/personality/intj-a","/en/personality/intj-a","en","personality_detail","true","","","allow","public_indexable","not_checked","not_checked","not_checked","AboutPage|DefinedTerm|WebPage|BreadcrumbList","partial"
"https://fermatmind.com/en/personality/intj-t","/en/personality/intj-t","en","personality_detail","true","","","allow","public_indexable","not_checked","not_checked","not_checked","AboutPage|DefinedTerm|WebPage|BreadcrumbList","partial"
"https://fermatmind.com/en/personality/intp-a","/en/personality/intp-a","en","personality_detail","true","","","allow","public_indexable","not_checked","not_checked","not_checked","AboutPage|DefinedTerm|WebPage|BreadcrumbList","partial"
"https://fermatmind.com/en/personality/intp-t","/en/personality/intp-t","en","personality_detail","true","","","allow","public_indexable","not_checked","not_checked","not_checked","AboutPage|DefinedTerm|WebPage|BreadcrumbList","partial"
"https://fermatmind.com/en/personality/isfj-a","/en/personality/isfj-a","en","personality_detail","true","","","allow","public_indexable","not_checked","not_checked","not_checked","AboutPage|DefinedTerm|WebPage|BreadcrumbList","partial"
"https://fermatmind.com/en/personality/isfj-t","/en/personality/isfj-t","en","personality_detail","true","","","allow","public_indexable","not_checked","not_checked","not_checked","AboutPage|DefinedTerm|WebPage|BreadcrumbList","partial"
"https://fermatmind.com/en/personality/isfp-a","/en/personality/isfp-a","en","personality_detail","true","","","allow","public_indexable","not_checked","not_checked","not_checked","AboutPage|DefinedTerm|WebPage|BreadcrumbList","partial"
"https://fermatmind.com/en/personality/isfp-t","/en/personality/isfp-t","en","personality_detail","true","","","allow","public_indexable","not_checked","not_checked","not_checked","AboutPage|DefinedTerm|WebPage|BreadcrumbList","partial"
"https://fermatmind.com/en/personality/istj-a","/en/personality/istj-a","en","personality_detail","true","","","allow","public_indexable","not_checked","not_checked","not_checked","AboutPage|DefinedTerm|WebPage|BreadcrumbList","partial"
"https://fermatmind.com/en/personality/istj-t","/en/personality/istj-t","en","personality_detail","true","","","allow","public_indexable","not_checked","not_checked","not_checked","AboutPage|DefinedTerm|WebPage|BreadcrumbList","partial"
"https://fermatmind.com/en/personality/istp-a","/en/personality/istp-a","en","personality_detail","true","","","allow","public_indexable","not_checked","not_checked","not_checked","AboutPage|DefinedTerm|WebPage|BreadcrumbList","partial"
"https://fermatmind.com/en/personality/istp-t","/en/personality/istp-t","en","personality_detail","true","","","allow","public_indexable","not_checked","not_checked","not_checked","AboutPage|DefinedTerm|WebPage|BreadcrumbList","partial"
"https://fermatmind.com/zh/personality/enfj-a","/zh/personality/enfj-a","zh","personality_detail","true","","","allow","public_indexable","not_checked","not_checked","not_checked","AboutPage|DefinedTerm|WebPage|BreadcrumbList","partial"
"https://fermatmind.com/zh/personality/enfj-t","/zh/personality/enfj-t","zh","personality_detail","true","","","allow","public_indexable","not_checked","not_checked","not_checked","AboutPage|DefinedTerm|WebPage|BreadcrumbList","partial"
"https://fermatmind.com/zh/personality/enfp-a","/zh/personality/enfp-a","zh","personality_detail","true","","","allow","public_indexable","not_checked","not_checked","not_checked","AboutPage|DefinedTerm|WebPage|BreadcrumbList","partial"
"https://fermatmind.com/zh/personality/enfp-t","/zh/personality/enfp-t","zh","personality_detail","true","","","allow","public_indexable","not_checked","not_checked","not_checked","AboutPage|DefinedTerm|WebPage|BreadcrumbList","partial"
"https://fermatmind.com/zh/personality/entj-a","/zh/personality/entj-a","zh","personality_detail","true","","","allow","public_indexable","not_checked","not_checked","not_checked","AboutPage|DefinedTerm|WebPage|BreadcrumbList","partial"
"https://fermatmind.com/zh/personality/entj-t","/zh/personality/entj-t","zh","personality_detail","true","","","allow","public_indexable","not_checked","not_checked","not_checked","AboutPage|DefinedTerm|WebPage|BreadcrumbList","partial"
"https://fermatmind.com/zh/personality/entp-a","/zh/personality/entp-a","zh","personality_detail","true","","","allow","public_indexable","not_checked","not_checked","not_checked","AboutPage|DefinedTerm|WebPage|BreadcrumbList","partial"
"https://fermatmind.com/zh/personality/entp-t","/zh/personality/entp-t","zh","personality_detail","true","","","allow","public_indexable","not_checked","not_checked","not_checked","AboutPage|DefinedTerm|WebPage|BreadcrumbList","partial"
"https://fermatmind.com/zh/personality/esfj-a","/zh/personality/esfj-a","zh","personality_detail","true","","","allow","public_indexable","not_checked","not_checked","not_checked","AboutPage|DefinedTerm|WebPage|BreadcrumbList","partial"
"https://fermatmind.com/zh/personality/esfj-t","/zh/personality/esfj-t","zh","personality_detail","true","","","allow","public_indexable","not_checked","not_checked","not_checked","AboutPage|DefinedTerm|WebPage|BreadcrumbList","partial"
"https://fermatmind.com/zh/personality/esfp-a","/zh/personality/esfp-a","zh","personality_detail","true","","","allow","public_indexable","not_checked","not_checked","not_checked","AboutPage|DefinedTerm|WebPage|BreadcrumbList","partial"
"https://fermatmind.com/zh/personality/esfp-t","/zh/personality/esfp-t","zh","personality_detail","true","","","allow","public_indexable","not_checked","not_checked","not_checked","AboutPage|DefinedTerm|WebPage|BreadcrumbList","partial"
"https://fermatmind.com/zh/personality/estj-a","/zh/personality/estj-a","zh","personality_detail","true","","","allow","public_indexable","not_checked","not_checked","not_checked","AboutPage|DefinedTerm|WebPage|BreadcrumbList","partial"
"https://fermatmind.com/zh/personality/estj-t","/zh/personality/estj-t","zh","personality_detail","true","","","allow","public_indexable","not_checked","not_checked","not_checked","AboutPage|DefinedTerm|WebPage|BreadcrumbList","partial"
"https://fermatmind.com/zh/personality/estp-a","/zh/personality/estp-a","zh","personality_detail","true","","","allow","public_indexable","not_checked","not_checked","not_checked","AboutPage|DefinedTerm|WebPage|BreadcrumbList","partial"
"https://fermatmind.com/zh/personality/estp-t","/zh/personality/estp-t","zh","personality_detail","true","","","allow","public_indexable","not_checked","not_checked","not_checked","AboutPage|DefinedTerm|WebPage|BreadcrumbList","partial"
"https://fermatmind.com/zh/personality/infj-a","/zh/personality/infj-a","zh","personality_detail","true","","","allow","public_indexable","not_checked","not_checked","not_checked","AboutPage|DefinedTerm|WebPage|BreadcrumbList","partial"
"https://fermatmind.com/zh/personality/infj-t","/zh/personality/infj-t","zh","personality_detail","true","","","allow","public_indexable","not_checked","not_checked","not_checked","AboutPage|DefinedTerm|WebPage|BreadcrumbList","partial"
"https://fermatmind.com/zh/personality/infp-a","/zh/personality/infp-a","zh","personality_detail","true","","","allow","public_indexable","not_checked","not_checked","not_checked","AboutPage|DefinedTerm|WebPage|BreadcrumbList","partial"
"https://fermatmind.com/zh/personality/infp-t","/zh/personality/infp-t","zh","personality_detail","true","","","allow","public_indexable","not_checked","not_checked","not_checked","AboutPage|DefinedTerm|WebPage|BreadcrumbList","partial"
"https://fermatmind.com/zh/personality/intj-a","/zh/personality/intj-a","zh","personality_detail","true","","","allow","public_indexable","not_checked","not_checked","not_checked","AboutPage|DefinedTerm|WebPage|BreadcrumbList","partial"
"https://fermatmind.com/zh/personality/intj-t","/zh/personality/intj-t","zh","personality_detail","true","","","allow","public_indexable","not_checked","not_checked","not_checked","AboutPage|DefinedTerm|WebPage|BreadcrumbList","partial"
"https://fermatmind.com/zh/personality/intp-a","/zh/personality/intp-a","zh","personality_detail","true","","","allow","public_indexable","not_checked","not_checked","not_checked","AboutPage|DefinedTerm|WebPage|BreadcrumbList","partial"
"https://fermatmind.com/zh/personality/intp-t","/zh/personality/intp-t","zh","personality_detail","true","","","allow","public_indexable","not_checked","not_checked","not_checked","AboutPage|DefinedTerm|WebPage|BreadcrumbList","partial"
"https://fermatmind.com/zh/personality/isfj-a","/zh/personality/isfj-a","zh","personality_detail","true","","","allow","public_indexable","not_checked","not_checked","not_checked","AboutPage|DefinedTerm|WebPage|BreadcrumbList","partial"
"https://fermatmind.com/zh/personality/isfj-t","/zh/personality/isfj-t","zh","personality_detail","true","","","allow","public_indexable","not_checked","not_checked","not_checked","AboutPage|DefinedTerm|WebPage|BreadcrumbList","partial"
"https://fermatmind.com/zh/personality/isfp-a","/zh/personality/isfp-a","zh","personality_detail","true","","","allow","public_indexable","not_checked","not_checked","not_checked","AboutPage|DefinedTerm|WebPage|BreadcrumbList","partial"
"https://fermatmind.com/zh/personality/isfp-t","/zh/personality/isfp-t","zh","personality_detail","true","","","allow","public_indexable","not_checked","not_checked","not_checked","AboutPage|DefinedTerm|WebPage|BreadcrumbList","partial"
"https://fermatmind.com/zh/personality/istj-a","/zh/personality/istj-a","zh","personality_detail","true","","","allow","public_indexable","not_checked","not_checked","not_checked","AboutPage|DefinedTerm|WebPage|BreadcrumbList","partial"
"https://fermatmind.com/zh/personality/istj-t","/zh/personality/istj-t","zh","personality_detail","true","","","allow","public_indexable","not_checked","not_checked","not_checked","AboutPage|DefinedTerm|WebPage|BreadcrumbList","partial"
"https://fermatmind.com/zh/personality/istp-a","/zh/personality/istp-a","zh","personality_detail","true","","","allow","public_indexable","not_checked","not_checked","not_checked","AboutPage|DefinedTerm|WebPage|BreadcrumbList","partial"
"https://fermatmind.com/zh/personality/istp-t","/zh/personality/istp-t","zh","personality_detail","true","","","allow","public_indexable","not_checked","not_checked","not_checked","AboutPage|DefinedTerm|WebPage|BreadcrumbList","partial"
