url,locale_path,locale,page_type,type_code,variant,group,priority_seed,status,final_url,html_bytes,title,description,robots,canonical,hreflang_count,hreflangs,h1_count,h1,h2_count,h2,h3_count,schema_types,personality_link_unique_count,test_link_unique_count,career_link_unique_count,article_link_unique_count,visible_text_word_count_en_approx,visible_text_cjk_count_approx,issues,fetch_error
https://fermatmind.com/en/personality,en,en,hub,,,,P0,200,https://fermatmind.com/en/personality,246618,Personality Types | FermatMind,Start the MBTI test or browse the 32 A/T personality variant profiles directly.,"index, follow",https://fermatmind.com/en/personality,3,en:https://fermatmind.com/en/personality|zh-CN:https://fermatmind.com/zh/personality|x-default:https://fermatmind.com,1,32 A/T Personality Variants,4,Analysts | Diplomats | Sentinels | Explorers,32,BreadcrumbList|ItemList|WebPage,32,6,2,0,703,0,,
https://fermatmind.com/en/personality/intj-a,en,en,variant,INTJ,A,analyst,P1,200,https://fermatmind.com/en/personality/intj-a,188009,"INTJ-A Architect Personality: Traits, Careers & Relationships | FermatMind","Explore the INTJ-A Architect personality type, including traits, strengths, blind spots, relationships, career fit, and how to confirm your type with an MBTI test.","index, follow",https://fermatmind.com/en/personality/intj-a,3,en:https://fermatmind.com/en/personality/intj-a|zh-CN:https://fermatmind.com/zh/personality/intj-a|x-default:https://fermatmind.com,1,INTJ-A Architect Personality,1,Quick answers,18,AboutPage|BreadcrumbList|WebPage,1,7,3,0,1576,0,thin_h2_structure|weak_personality_internal_links,
https://fermatmind.com/en/personality/intj-t,en,en,variant,INTJ,T,analyst,P1,200,https://fermatmind.com/en/personality/intj-t,188140,"INTJ-T Architect Personality: Traits, Careers & Relationships | FermatMind","Explore the INTJ-T Architect personality type, including traits, strengths, blind spots, relationships, career fit, and how to confirm your type with an MBTI test.","index, follow",https://fermatmind.com/en/personality/intj-t,3,en:https://fermatmind.com/en/personality/intj-t|zh-CN:https://fermatmind.com/zh/personality/intj-t|x-default:https://fermatmind.com,1,INTJ-T Architect Personality,1,Quick answers,18,AboutPage|BreadcrumbList|WebPage,1,7,3,0,1582,0,thin_h2_structure|weak_personality_internal_links,
https://fermatmind.com/en/personality/intj-a-vs-intj-t,en,en,comparison,INTJ,A_vs_T,analyst,P0,200,https://fermatmind.com/en/personality/intj-a-vs-intj-t,104960,"INTJ-A vs INTJ-T: Traits, Careers, Love & Rarity | FermatMind","Compare INTJ-A and INTJ-T traits, A/T differences, strengths, blind spots, relationships, career fit, rarity, and how to confirm your type with an MBTI test.","index, follow",https://fermatmind.com/en/personality/intj-a-vs-intj-t,3,en:https://fermatmind.com/en/personality/intj-a-vs-intj-t|zh-CN:https://fermatmind.com/zh/personality/intj-a-vs-intj-t|x-default:https://fermatmind.com,1,"INTJ-A vs INTJ-T: Traits, Careers, Love & Rarity",7,Architect | Architect | Core traits comparison | Career fit and work style | Relationships and love style | Rarity and identification cues | Quick answers,0,BreadcrumbList|CollectionPage,2,6,1,0,818,0,,
https://fermatmind.com/en/personality/intp-a,en,en,variant,INTP,A,analyst,P1,200,https://fermatmind.com/en/personality/intp-a,187907,"INTP-A Logician Personality: Traits, Careers & Relationships | FermatMind","Explore the INTP-A Logician personality type, including traits, strengths, blind spots, relationships, career fit, and how to confirm your type with an MBTI test.","index, follow",https://fermatmind.com/en/personality/intp-a,3,en:https://fermatmind.com/en/personality/intp-a|zh-CN:https://fermatmind.com/zh/personality/intp-a|x-default:https://fermatmind.com,1,INTP-A Logician Personality,1,Quick answers,18,AboutPage|BreadcrumbList|WebPage,1,7,3,0,1585,0,thin_h2_structure|weak_personality_internal_links,
https://fermatmind.com/en/personality/intp-t,en,en,variant,INTP,T,analyst,P1,200,https://fermatmind.com/en/personality/intp-t,187994,"INTP-T Logician Personality: Traits, Careers & Relationships | FermatMind","Explore the INTP-T Logician personality type, including traits, strengths, blind spots, relationships, career fit, and how to confirm your type with an MBTI test.","index, follow",https://fermatmind.com/en/personality/intp-t,3,en:https://fermatmind.com/en/personality/intp-t|zh-CN:https://fermatmind.com/zh/personality/intp-t|x-default:https://fermatmind.com,1,INTP-T Logician Personality,1,Quick answers,18,AboutPage|BreadcrumbList|WebPage,1,7,3,0,1586,0,thin_h2_structure|weak_personality_internal_links,
https://fermatmind.com/en/personality/intp-a-vs-intp-t,en,en,comparison,INTP,A_vs_T,analyst,P0,200,https://fermatmind.com/en/personality/intp-a-vs-intp-t,104893,"INTP-A vs INTP-T: Traits, Careers, Love & Rarity | FermatMind","Compare INTP-A and INTP-T traits, A/T differences, strengths, blind spots, relationships, career fit, rarity, and how to confirm your type with an MBTI test.","index, follow",https://fermatmind.com/en/personality/intp-a-vs-intp-t,3,en:https://fermatmind.com/en/personality/intp-a-vs-intp-t|zh-CN:https://fermatmind.com/zh/personality/intp-a-vs-intp-t|x-default:https://fermatmind.com,1,"INTP-A vs INTP-T: Traits, Careers, Love & Rarity",7,Logician | Logician | Core traits comparison | Career fit and work style | Relationships and love style | Rarity and identification cues | Quick answers,0,BreadcrumbList|CollectionPage,2,6,1,0,826,0,,
https://fermatmind.com/en/personality/entj-a,en,en,variant,ENTJ,A,analyst,P1,200,https://fermatmind.com/en/personality/entj-a,187856,"ENTJ-A Commander Personality: Traits, Careers & Relationships | FermatMind","Explore the ENTJ-A Commander personality type, including traits, strengths, blind spots, relationships, career fit, and how to confirm your type with an MBTI test.","index, follow",https://fermatmind.com/en/personality/entj-a,3,en:https://fermatmind.com/en/personality/entj-a|zh-CN:https://fermatmind.com/zh/personality/entj-a|x-default:https://fermatmind.com,1,ENTJ-A Commander Personality,1,Quick answers,18,AboutPage|BreadcrumbList|WebPage,1,7,3,0,1567,0,thin_h2_structure|weak_personality_internal_links,
https://fermatmind.com/en/personality/entj-t,en,en,variant,ENTJ,T,analyst,P1,200,https://fermatmind.com/en/personality/entj-t,187939,"ENTJ-T Commander Personality: Traits, Careers & Relationships | FermatMind","Explore the ENTJ-T Commander personality type, including traits, strengths, blind spots, relationships, career fit, and how to confirm your type with an MBTI test.","index, follow",https://fermatmind.com/en/personality/entj-t,3,en:https://fermatmind.com/en/personality/entj-t|zh-CN:https://fermatmind.com/zh/personality/entj-t|x-default:https://fermatmind.com,1,ENTJ-T Commander Personality,1,Quick answers,18,AboutPage|BreadcrumbList|WebPage,1,7,3,0,1569,0,thin_h2_structure|weak_personality_internal_links,
https://fermatmind.com/en/personality/entj-a-vs-entj-t,en,en,comparison,ENTJ,A_vs_T,analyst,P0,200,https://fermatmind.com/en/personality/entj-a-vs-entj-t,104867,"ENTJ-A vs ENTJ-T: Traits, Careers, Love & Rarity | FermatMind","Compare ENTJ-A and ENTJ-T traits, A/T differences, strengths, blind spots, relationships, career fit, rarity, and how to confirm your type with an MBTI test.","index, follow",https://fermatmind.com/en/personality/entj-a-vs-entj-t,3,en:https://fermatmind.com/en/personality/entj-a-vs-entj-t|zh-CN:https://fermatmind.com/zh/personality/entj-a-vs-entj-t|x-default:https://fermatmind.com,1,"ENTJ-A vs ENTJ-T: Traits, Careers, Love & Rarity",7,Commander | Commander | Core traits comparison | Career fit and work style | Relationships and love style | Rarity and identification cues | Quick answers,0,BreadcrumbList|CollectionPage,2,6,1,0,818,0,,
https://fermatmind.com/en/personality/entp-a,en,en,variant,ENTP,A,analyst,P1,200,https://fermatmind.com/en/personality/entp-a,187651,"ENTP-A Debater Personality: Traits, Careers & Relationships | FermatMind","Explore the ENTP-A Debater personality type, including traits, strengths, blind spots, relationships, career fit, and how to confirm your type with an MBTI test.","index, follow",https://fermatmind.com/en/personality/entp-a,3,en:https://fermatmind.com/en/personality/entp-a|zh-CN:https://fermatmind.com/zh/personality/entp-a|x-default:https://fermatmind.com,1,ENTP-A Debater Personality,1,Quick answers,18,AboutPage|BreadcrumbList|WebPage,1,7,3,0,1577,0,thin_h2_structure|weak_personality_internal_links,
https://fermatmind.com/en/personality/entp-t,en,en,variant,ENTP,T,analyst,P1,200,https://fermatmind.com/en/personality/entp-t,187785,"ENTP-T Debater Personality: Traits, Careers & Relationships | FermatMind","Explore the ENTP-T Debater personality type, including traits, strengths, blind spots, relationships, career fit, and how to confirm your type with an MBTI test.","index, follow",https://fermatmind.com/en/personality/entp-t,3,en:https://fermatmind.com/en/personality/entp-t|zh-CN:https://fermatmind.com/zh/personality/entp-t|x-default:https://fermatmind.com,1,ENTP-T Debater Personality,1,Quick answers,18,AboutPage|BreadcrumbList|WebPage,1,7,3,0,1581,0,thin_h2_structure|weak_personality_internal_links,
https://fermatmind.com/en/personality/entp-a-vs-entp-t,en,en,comparison,ENTP,A_vs_T,analyst,P0,200,https://fermatmind.com/en/personality/entp-a-vs-entp-t,104418,"ENTP-A vs ENTP-T: Traits, Careers, Love & Rarity | FermatMind","Compare ENTP-A and ENTP-T traits, A/T differences, strengths, blind spots, relationships, career fit, rarity, and how to confirm your type with an MBTI test.","index, follow",https://fermatmind.com/en/personality/entp-a-vs-entp-t,3,en:https://fermatmind.com/en/personality/entp-a-vs-entp-t|zh-CN:https://fermatmind.com/zh/personality/entp-a-vs-entp-t|x-default:https://fermatmind.com,1,"ENTP-A vs ENTP-T: Traits, Careers, Love & Rarity",7,Debater | Debater | Core traits comparison | Career fit and work style | Relationships and love style | Rarity and identification cues | Quick answers,0,BreadcrumbList|CollectionPage,2,6,1,0,819,0,,
https://fermatmind.com/en/personality/infj-a,en,en,variant,INFJ,A,diplomat,P1,200,https://fermatmind.com/en/personality/infj-a,187645,"INFJ-A Advocate Personality: Traits, Careers & Relationships | FermatMind","Explore the INFJ-A Advocate personality type, including traits, strengths, blind spots, relationships, career fit, and how to confirm your type with an MBTI test.","index, follow",https://fermatmind.com/en/personality/infj-a,3,en:https://fermatmind.com/en/personality/infj-a|zh-CN:https://fermatmind.com/zh/personality/infj-a|x-default:https://fermatmind.com,1,INFJ-A Advocate Personality,1,Quick answers,18,AboutPage|BreadcrumbList|WebPage,1,7,3,0,1575,0,thin_h2_structure|weak_personality_internal_links,
https://fermatmind.com/en/personality/infj-t,en,en,variant,INFJ,T,diplomat,P1,200,https://fermatmind.com/en/personality/infj-t,187780,"INFJ-T Advocate Personality: Traits, Careers & Relationships | FermatMind","Explore the INFJ-T Advocate personality type, including traits, strengths, blind spots, relationships, career fit, and how to confirm your type with an MBTI test.","index, follow",https://fermatmind.com/en/personality/infj-t,3,en:https://fermatmind.com/en/personality/infj-t|zh-CN:https://fermatmind.com/zh/personality/infj-t|x-default:https://fermatmind.com,1,INFJ-T Advocate Personality,1,Quick answers,18,AboutPage|BreadcrumbList|WebPage,1,7,3,0,1580,0,thin_h2_structure|weak_personality_internal_links,
https://fermatmind.com/en/personality/infj-a-vs-infj-t,en,en,comparison,INFJ,A_vs_T,diplomat,P0,200,https://fermatmind.com/en/personality/infj-a-vs-infj-t,104646,"INFJ-A vs INFJ-T: Traits, Careers, Love & Rarity | FermatMind","Compare INFJ-A and INFJ-T traits, A/T differences, strengths, blind spots, relationships, career fit, rarity, and how to confirm your type with an MBTI test.","index, follow",https://fermatmind.com/en/personality/infj-a-vs-infj-t,3,en:https://fermatmind.com/en/personality/infj-a-vs-infj-t|zh-CN:https://fermatmind.com/zh/personality/infj-a-vs-infj-t|x-default:https://fermatmind.com,1,"INFJ-A vs INFJ-T: Traits, Careers, Love & Rarity",7,Advocate | Advocate | Core traits comparison | Career fit and work style | Relationships and love style | Rarity and identification cues | Quick answers,0,BreadcrumbList|CollectionPage,2,6,1,0,812,0,,
https://fermatmind.com/en/personality/infp-a,en,en,variant,INFP,A,diplomat,P1,200,https://fermatmind.com/en/personality/infp-a,187851,"INFP-A Mediator Personality: Traits, Careers & Relationships | FermatMind","Explore the INFP-A Mediator personality type, including traits, strengths, blind spots, relationships, career fit, and how to confirm your type with an MBTI test.","index, follow",https://fermatmind.com/en/personality/infp-a,3,en:https://fermatmind.com/en/personality/infp-a|zh-CN:https://fermatmind.com/zh/personality/infp-a|x-default:https://fermatmind.com,1,INFP-A Mediator Personality,1,Quick answers,18,AboutPage|BreadcrumbList|WebPage,1,7,3,0,1589,0,thin_h2_structure|weak_personality_internal_links,
https://fermatmind.com/en/personality/infp-t,en,en,variant,INFP,T,diplomat,P1,200,https://fermatmind.com/en/personality/infp-t,187992,"INFP-T Mediator Personality: Traits, Careers & Relationships | FermatMind","Explore the INFP-T Mediator personality type, including traits, strengths, blind spots, relationships, career fit, and how to confirm your type with an MBTI test.","index, follow",https://fermatmind.com/en/personality/infp-t,3,en:https://fermatmind.com/en/personality/infp-t|zh-CN:https://fermatmind.com/zh/personality/infp-t|x-default:https://fermatmind.com,1,INFP-T Mediator Personality,1,Quick answers,18,AboutPage|BreadcrumbList|WebPage,1,7,3,0,1595,0,thin_h2_structure|weak_personality_internal_links,
https://fermatmind.com/en/personality/infp-a-vs-infp-t,en,en,comparison,INFP,A_vs_T,diplomat,P0,200,https://fermatmind.com/en/personality/infp-a-vs-infp-t,104743,"INFP-A vs INFP-T: Traits, Careers, Love & Rarity | FermatMind","Compare INFP-A and INFP-T traits, A/T differences, strengths, blind spots, relationships, career fit, rarity, and how to confirm your type with an MBTI test.","index, follow",https://fermatmind.com/en/personality/infp-a-vs-infp-t,3,en:https://fermatmind.com/en/personality/infp-a-vs-infp-t|zh-CN:https://fermatmind.com/zh/personality/infp-a-vs-infp-t|x-default:https://fermatmind.com,1,"INFP-A vs INFP-T: Traits, Careers, Love & Rarity",7,Mediator | Mediator | Core traits comparison | Career fit and work style | Relationships and love style | Rarity and identification cues | Quick answers,0,BreadcrumbList|CollectionPage,2,6,1,0,820,0,,
https://fermatmind.com/en/personality/enfj-a,en,en,variant,ENFJ,A,diplomat,P1,200,https://fermatmind.com/en/personality/enfj-a,187791,"ENFJ-A Protagonist Personality: Traits, Careers & Relationships | FermatMind","Explore the ENFJ-A Protagonist personality type, including traits, strengths, blind spots, relationships, career fit, and how to confirm your type with an MBTI test.","index, follow",https://fermatmind.com/en/personality/enfj-a,3,en:https://fermatmind.com/en/personality/enfj-a|zh-CN:https://fermatmind.com/zh/personality/enfj-a|x-default:https://fermatmind.com,1,ENFJ-A Protagonist Personality,1,Quick answers,18,AboutPage|BreadcrumbList|WebPage,1,7,3,0,1560,0,thin_h2_structure|weak_personality_internal_links,
https://fermatmind.com/en/personality/enfj-t,en,en,variant,ENFJ,T,diplomat,P1,200,https://fermatmind.com/en/personality/enfj-t,187925,"ENFJ-T Protagonist Personality: Traits, Careers & Relationships | FermatMind","Explore the ENFJ-T Protagonist personality type, including traits, strengths, blind spots, relationships, career fit, and how to confirm your type with an MBTI test.","index, follow",https://fermatmind.com/en/personality/enfj-t,3,en:https://fermatmind.com/en/personality/enfj-t|zh-CN:https://fermatmind.com/zh/personality/enfj-t|x-default:https://fermatmind.com,1,ENFJ-T Protagonist Personality,1,Quick answers,18,AboutPage|BreadcrumbList|WebPage,1,7,3,0,1565,0,thin_h2_structure|weak_personality_internal_links,
https://fermatmind.com/en/personality/enfj-a-vs-enfj-t,en,en,comparison,ENFJ,A_vs_T,diplomat,P0,200,https://fermatmind.com/en/personality/enfj-a-vs-enfj-t,104531,"ENFJ-A vs ENFJ-T: Traits, Careers, Love & Rarity | FermatMind","Compare ENFJ-A and ENFJ-T traits, A/T differences, strengths, blind spots, relationships, career fit, rarity, and how to confirm your type with an MBTI test.","index, follow",https://fermatmind.com/en/personality/enfj-a-vs-enfj-t,3,en:https://fermatmind.com/en/personality/enfj-a-vs-enfj-t|zh-CN:https://fermatmind.com/zh/personality/enfj-a-vs-enfj-t|x-default:https://fermatmind.com,1,"ENFJ-A vs ENFJ-T: Traits, Careers, Love & Rarity",7,Protagonist | Protagonist | Core traits comparison | Career fit and work style | Relationships and love style | Rarity and identification cues | Quick answers,0,BreadcrumbList|CollectionPage,2,6,1,0,812,0,,
https://fermatmind.com/en/personality/enfp-a,en,en,variant,ENFP,A,diplomat,P1,200,https://fermatmind.com/en/personality/enfp-a,187797,"ENFP-A Campaigner Personality: Traits, Careers & Relationships | FermatMind","Explore the ENFP-A Campaigner personality type, including traits, strengths, blind spots, relationships, career fit, and how to confirm your type with an MBTI test.","index, follow",https://fermatmind.com/en/personality/enfp-a,3,en:https://fermatmind.com/en/personality/enfp-a|zh-CN:https://fermatmind.com/zh/personality/enfp-a|x-default:https://fermatmind.com,1,ENFP-A Campaigner Personality,1,Quick answers,18,AboutPage|BreadcrumbList|WebPage,1,7,3,0,1574,0,thin_h2_structure|weak_personality_internal_links,
https://fermatmind.com/en/personality/enfp-t,en,en,variant,ENFP,T,diplomat,P1,200,https://fermatmind.com/en/personality/enfp-t,187873,"ENFP-T Campaigner Personality: Traits, Careers & Relationships | FermatMind","Explore the ENFP-T Campaigner personality type, including traits, strengths, blind spots, relationships, career fit, and how to confirm your type with an MBTI test.","index, follow",https://fermatmind.com/en/personality/enfp-t,3,en:https://fermatmind.com/en/personality/enfp-t|zh-CN:https://fermatmind.com/zh/personality/enfp-t|x-default:https://fermatmind.com,1,ENFP-T Campaigner Personality,1,Quick answers,18,AboutPage|BreadcrumbList|WebPage,1,7,3,0,1577,0,thin_h2_structure|weak_personality_internal_links,
https://fermatmind.com/en/personality/enfp-a-vs-enfp-t,en,en,comparison,ENFP,A_vs_T,diplomat,P0,200,https://fermatmind.com/en/personality/enfp-a-vs-enfp-t,104457,"ENFP-A vs ENFP-T: Traits, Careers, Love & Rarity | FermatMind","Compare ENFP-A and ENFP-T traits, A/T differences, strengths, blind spots, relationships, career fit, rarity, and how to confirm your type with an MBTI test.","index, follow",https://fermatmind.com/en/personality/enfp-a-vs-enfp-t,3,en:https://fermatmind.com/en/personality/enfp-a-vs-enfp-t|zh-CN:https://fermatmind.com/zh/personality/enfp-a-vs-enfp-t|x-default:https://fermatmind.com,1,"ENFP-A vs ENFP-T: Traits, Careers, Love & Rarity",7,Campaigner | Campaigner | Core traits comparison | Career fit and work style | Relationships and love style | Rarity and identification cues | Quick answers,0,BreadcrumbList|CollectionPage,2,6,1,0,816,0,,
https://fermatmind.com/en/personality/istj-a,en,en,variant,ISTJ,A,sentinel,P1,200,https://fermatmind.com/en/personality/istj-a,187913,"ISTJ-A Logistician Personality: Traits, Careers & Relationships | FermatMind","Explore the ISTJ-A Logistician personality type, including traits, strengths, blind spots, relationships, career fit, and how to confirm your type with an MBTI test.","index, follow",https://fermatmind.com/en/personality/istj-a,3,en:https://fermatmind.com/en/personality/istj-a|zh-CN:https://fermatmind.com/zh/personality/istj-a|x-default:https://fermatmind.com,1,ISTJ-A Logistician Personality,1,Quick answers,18,AboutPage|BreadcrumbList|WebPage,1,7,3,0,1566,0,thin_h2_structure|weak_personality_internal_links,
https://fermatmind.com/en/personality/istj-t,en,en,variant,ISTJ,T,sentinel,P1,200,https://fermatmind.com/en/personality/istj-t,188059,"ISTJ-T Logistician Personality: Traits, Careers & Relationships | FermatMind","Explore the ISTJ-T Logistician personality type, including traits, strengths, blind spots, relationships, career fit, and how to confirm your type with an MBTI test.","index, follow",https://fermatmind.com/en/personality/istj-t,3,en:https://fermatmind.com/en/personality/istj-t|zh-CN:https://fermatmind.com/zh/personality/istj-t|x-default:https://fermatmind.com,1,ISTJ-T Logistician Personality,1,Quick answers,18,AboutPage|BreadcrumbList|WebPage,1,7,3,0,1571,0,thin_h2_structure|weak_personality_internal_links,
https://fermatmind.com/en/personality/istj-a-vs-istj-t,en,en,comparison,ISTJ,A_vs_T,sentinel,P0,200,https://fermatmind.com/en/personality/istj-a-vs-istj-t,104631,"ISTJ-A vs ISTJ-T: Traits, Careers, Love & Rarity | FermatMind","Compare ISTJ-A and ISTJ-T traits, A/T differences, strengths, blind spots, relationships, career fit, rarity, and how to confirm your type with an MBTI test.","index, follow",https://fermatmind.com/en/personality/istj-a-vs-istj-t,3,en:https://fermatmind.com/en/personality/istj-a-vs-istj-t|zh-CN:https://fermatmind.com/zh/personality/istj-a-vs-istj-t|x-default:https://fermatmind.com,1,"ISTJ-A vs ISTJ-T: Traits, Careers, Love & Rarity",7,Logistician | Logistician | Core traits comparison | Career fit and work style | Relationships and love style | Rarity and identification cues | Quick answers,0,BreadcrumbList|CollectionPage,2,6,1,0,812,0,,
https://fermatmind.com/en/personality/isfj-a,en,en,variant,ISFJ,A,sentinel,P1,200,https://fermatmind.com/en/personality/isfj-a,187639,"ISFJ-A Defender Personality: Traits, Careers & Relationships | FermatMind","Explore the ISFJ-A Defender personality type, including traits, strengths, blind spots, relationships, career fit, and how to confirm your type with an MBTI test.","index, follow",https://fermatmind.com/en/personality/isfj-a,3,en:https://fermatmind.com/en/personality/isfj-a|zh-CN:https://fermatmind.com/zh/personality/isfj-a|x-default:https://fermatmind.com,1,ISFJ-A Defender Personality,1,Quick answers,18,AboutPage|BreadcrumbList|WebPage,1,7,3,0,1569,0,thin_h2_structure|weak_personality_internal_links,
https://fermatmind.com/en/personality/isfj-t,en,en,variant,ISFJ,T,sentinel,P1,200,https://fermatmind.com/en/personality/isfj-t,187844,"ISFJ-T Defender Personality: Traits, Careers & Relationships | FermatMind","Explore the ISFJ-T Defender personality type, including traits, strengths, blind spots, relationships, career fit, and how to confirm your type with an MBTI test.","index, follow",https://fermatmind.com/en/personality/isfj-t,3,en:https://fermatmind.com/en/personality/isfj-t|zh-CN:https://fermatmind.com/zh/personality/isfj-t|x-default:https://fermatmind.com,1,ISFJ-T Defender Personality,1,Quick answers,18,AboutPage|BreadcrumbList|WebPage,1,7,3,0,1579,0,thin_h2_structure|weak_personality_internal_links,
https://fermatmind.com/en/personality/isfj-a-vs-isfj-t,en,en,comparison,ISFJ,A_vs_T,sentinel,P0,200,https://fermatmind.com/en/personality/isfj-a-vs-isfj-t,104771,"ISFJ-A vs ISFJ-T: Traits, Careers, Love & Rarity | FermatMind","Compare ISFJ-A and ISFJ-T traits, A/T differences, strengths, blind spots, relationships, career fit, rarity, and how to confirm your type with an MBTI test.","index, follow",https://fermatmind.com/en/personality/isfj-a-vs-isfj-t,3,en:https://fermatmind.com/en/personality/isfj-a-vs-isfj-t|zh-CN:https://fermatmind.com/zh/personality/isfj-a-vs-isfj-t|x-default:https://fermatmind.com,1,"ISFJ-A vs ISFJ-T: Traits, Careers, Love & Rarity",7,Defender | Defender | Core traits comparison | Career fit and work style | Relationships and love style | Rarity and identification cues | Quick answers,0,BreadcrumbList|CollectionPage,2,6,1,0,810,0,,
https://fermatmind.com/en/personality/estj-a,en,en,variant,ESTJ,A,sentinel,P1,200,https://fermatmind.com/en/personality/estj-a,187882,"ESTJ-A Executive Personality: Traits, Careers & Relationships | FermatMind","Explore the ESTJ-A Executive personality type, including traits, strengths, blind spots, relationships, career fit, and how to confirm your type with an MBTI test.","index, follow",https://fermatmind.com/en/personality/estj-a,3,en:https://fermatmind.com/en/personality/estj-a|zh-CN:https://fermatmind.com/zh/personality/estj-a|x-default:https://fermatmind.com,1,ESTJ-A Executive Personality,1,Quick answers,18,AboutPage|BreadcrumbList|WebPage,1,7,3,0,1558,0,thin_h2_structure|weak_personality_internal_links,
https://fermatmind.com/en/personality/estj-t,en,en,variant,ESTJ,T,sentinel,P1,200,https://fermatmind.com/en/personality/estj-t,188025,"ESTJ-T Executive Personality: Traits, Careers & Relationships | FermatMind","Explore the ESTJ-T Executive personality type, including traits, strengths, blind spots, relationships, career fit, and how to confirm your type with an MBTI test.","index, follow",https://fermatmind.com/en/personality/estj-t,3,en:https://fermatmind.com/en/personality/estj-t|zh-CN:https://fermatmind.com/zh/personality/estj-t|x-default:https://fermatmind.com,1,ESTJ-T Executive Personality,1,Quick answers,18,AboutPage|BreadcrumbList|WebPage,1,7,3,0,1561,0,thin_h2_structure|weak_personality_internal_links,
https://fermatmind.com/en/personality/estj-a-vs-estj-t,en,en,comparison,ESTJ,A_vs_T,sentinel,P0,200,https://fermatmind.com/en/personality/estj-a-vs-estj-t,104576,"ESTJ-A vs ESTJ-T: Traits, Careers, Love & Rarity | FermatMind","Compare ESTJ-A and ESTJ-T traits, A/T differences, strengths, blind spots, relationships, career fit, rarity, and how to confirm your type with an MBTI test.","index, follow",https://fermatmind.com/en/personality/estj-a-vs-estj-t,3,en:https://fermatmind.com/en/personality/estj-a-vs-estj-t|zh-CN:https://fermatmind.com/zh/personality/estj-a-vs-estj-t|x-default:https://fermatmind.com,1,"ESTJ-A vs ESTJ-T: Traits, Careers, Love & Rarity",7,Executive | Executive | Core traits comparison | Career fit and work style | Relationships and love style | Rarity and identification cues | Quick answers,0,BreadcrumbList|CollectionPage,2,6,1,0,809,0,,
https://fermatmind.com/en/personality/esfj-a,en,en,variant,ESFJ,A,sentinel,P1,200,https://fermatmind.com/en/personality/esfj-a,187478,"ESFJ-A Consul Personality: Traits, Careers & Relationships | FermatMind","Explore the ESFJ-A Consul personality type, including traits, strengths, blind spots, relationships, career fit, and how to confirm your type with an MBTI test.","index, follow",https://fermatmind.com/en/personality/esfj-a,3,en:https://fermatmind.com/en/personality/esfj-a|zh-CN:https://fermatmind.com/zh/personality/esfj-a|x-default:https://fermatmind.com,1,ESFJ-A Consul Personality,1,Quick answers,18,AboutPage|BreadcrumbList|WebPage,1,7,3,0,1556,0,thin_h2_structure|weak_personality_internal_links,
https://fermatmind.com/en/personality/esfj-t,en,en,variant,ESFJ,T,sentinel,P1,200,https://fermatmind.com/en/personality/esfj-t,187628,"ESFJ-T Consul Personality: Traits, Careers & Relationships | FermatMind","Explore the ESFJ-T Consul personality type, including traits, strengths, blind spots, relationships, career fit, and how to confirm your type with an MBTI test.","index, follow",https://fermatmind.com/en/personality/esfj-t,3,en:https://fermatmind.com/en/personality/esfj-t|zh-CN:https://fermatmind.com/zh/personality/esfj-t|x-default:https://fermatmind.com,1,ESFJ-T Consul Personality,1,Quick answers,18,AboutPage|BreadcrumbList|WebPage,1,7,3,0,1561,0,thin_h2_structure|weak_personality_internal_links,
https://fermatmind.com/en/personality/esfj-a-vs-esfj-t,en,en,comparison,ESFJ,A_vs_T,sentinel,P0,200,https://fermatmind.com/en/personality/esfj-a-vs-esfj-t,104746,"ESFJ-A vs ESFJ-T: Traits, Careers, Love & Rarity | FermatMind","Compare ESFJ-A and ESFJ-T traits, A/T differences, strengths, blind spots, relationships, career fit, rarity, and how to confirm your type with an MBTI test.","index, follow",https://fermatmind.com/en/personality/esfj-a-vs-esfj-t,3,en:https://fermatmind.com/en/personality/esfj-a-vs-esfj-t|zh-CN:https://fermatmind.com/zh/personality/esfj-a-vs-esfj-t|x-default:https://fermatmind.com,1,"ESFJ-A vs ESFJ-T: Traits, Careers, Love & Rarity",7,Consul | Consul | Core traits comparison | Career fit and work style | Relationships and love style | Rarity and identification cues | Quick answers,0,BreadcrumbList|CollectionPage,2,6,1,0,810,0,,
https://fermatmind.com/en/personality/istp-a,en,en,variant,ISTP,A,explorer,P1,200,https://fermatmind.com/en/personality/istp-a,187959,"ISTP-A Virtuoso Personality: Traits, Careers & Relationships | FermatMind","Explore the ISTP-A Virtuoso personality type, including traits, strengths, blind spots, relationships, career fit, and how to confirm your type with an MBTI test.","index, follow",https://fermatmind.com/en/personality/istp-a,3,en:https://fermatmind.com/en/personality/istp-a|zh-CN:https://fermatmind.com/zh/personality/istp-a|x-default:https://fermatmind.com,1,ISTP-A Virtuoso Personality,1,Quick answers,18,AboutPage|BreadcrumbList|WebPage,1,7,3,0,1583,0,thin_h2_structure|weak_personality_internal_links,
https://fermatmind.com/en/personality/istp-t,en,en,variant,ISTP,T,explorer,P1,200,https://fermatmind.com/en/personality/istp-t,188118,"ISTP-T Virtuoso Personality: Traits, Careers & Relationships | FermatMind","Explore the ISTP-T Virtuoso personality type, including traits, strengths, blind spots, relationships, career fit, and how to confirm your type with an MBTI test.","index, follow",https://fermatmind.com/en/personality/istp-t,3,en:https://fermatmind.com/en/personality/istp-t|zh-CN:https://fermatmind.com/zh/personality/istp-t|x-default:https://fermatmind.com,1,ISTP-T Virtuoso Personality,1,Quick answers,18,AboutPage|BreadcrumbList|WebPage,1,7,3,0,1589,0,thin_h2_structure|weak_personality_internal_links,
https://fermatmind.com/en/personality/istp-a-vs-istp-t,en,en,comparison,ISTP,A_vs_T,explorer,P0,200,https://fermatmind.com/en/personality/istp-a-vs-istp-t,104714,"ISTP-A vs ISTP-T: Traits, Careers, Love & Rarity | FermatMind","Compare ISTP-A and ISTP-T traits, A/T differences, strengths, blind spots, relationships, career fit, rarity, and how to confirm your type with an MBTI test.","index, follow",https://fermatmind.com/en/personality/istp-a-vs-istp-t,3,en:https://fermatmind.com/en/personality/istp-a-vs-istp-t|zh-CN:https://fermatmind.com/zh/personality/istp-a-vs-istp-t|x-default:https://fermatmind.com,1,"ISTP-A vs ISTP-T: Traits, Careers, Love & Rarity",7,Virtuoso | Virtuoso | Core traits comparison | Career fit and work style | Relationships and love style | Rarity and identification cues | Quick answers,0,BreadcrumbList|CollectionPage,2,6,1,0,816,0,,
https://fermatmind.com/en/personality/isfp-a,en,en,variant,ISFP,A,explorer,P1,200,https://fermatmind.com/en/personality/isfp-a,188102,"ISFP-A Adventurer Personality: Traits, Careers & Relationships | FermatMind","Explore the ISFP-A Adventurer personality type, including traits, strengths, blind spots, relationships, career fit, and how to confirm your type with an MBTI test.","index, follow",https://fermatmind.com/en/personality/isfp-a,3,en:https://fermatmind.com/en/personality/isfp-a|zh-CN:https://fermatmind.com/zh/personality/isfp-a|x-default:https://fermatmind.com,1,ISFP-A Adventurer Personality,1,Quick answers,18,AboutPage|BreadcrumbList|WebPage,1,7,3,0,1585,0,thin_h2_structure|weak_personality_internal_links,
https://fermatmind.com/en/personality/isfp-t,en,en,variant,ISFP,T,explorer,P1,200,https://fermatmind.com/en/personality/isfp-t,188162,"ISFP-T Adventurer Personality: Traits, Careers & Relationships | FermatMind","Explore the ISFP-T Adventurer personality type, including traits, strengths, blind spots, relationships, career fit, and how to confirm your type with an MBTI test.","index, follow",https://fermatmind.com/en/personality/isfp-t,3,en:https://fermatmind.com/en/personality/isfp-t|zh-CN:https://fermatmind.com/zh/personality/isfp-t|x-default:https://fermatmind.com,1,ISFP-T Adventurer Personality,1,Quick answers,18,AboutPage|BreadcrumbList|WebPage,1,7,3,0,1585,0,thin_h2_structure|weak_personality_internal_links,
https://fermatmind.com/en/personality/isfp-a-vs-isfp-t,en,en,comparison,ISFP,A_vs_T,explorer,P0,200,https://fermatmind.com/en/personality/isfp-a-vs-isfp-t,104921,"ISFP-A vs ISFP-T: Traits, Careers, Love & Rarity | FermatMind","Compare ISFP-A and ISFP-T traits, A/T differences, strengths, blind spots, relationships, career fit, rarity, and how to confirm your type with an MBTI test.","index, follow",https://fermatmind.com/en/personality/isfp-a-vs-isfp-t,3,en:https://fermatmind.com/en/personality/isfp-a-vs-isfp-t|zh-CN:https://fermatmind.com/zh/personality/isfp-a-vs-isfp-t|x-default:https://fermatmind.com,1,"ISFP-A vs ISFP-T: Traits, Careers, Love & Rarity",7,Adventurer | Adventurer | Core traits comparison | Career fit and work style | Relationships and love style | Rarity and identification cues | Quick answers,0,BreadcrumbList|CollectionPage,2,6,1,0,823,0,,
https://fermatmind.com/en/personality/estp-a,en,en,variant,ESTP,A,explorer,P1,200,https://fermatmind.com/en/personality/estp-a,188077,"ESTP-A Entrepreneur Personality: Traits, Careers & Relationships | FermatMind","Explore the ESTP-A Entrepreneur personality type, including traits, strengths, blind spots, relationships, career fit, and how to confirm your type with an MBTI test.","index, follow",https://fermatmind.com/en/personality/estp-a,3,en:https://fermatmind.com/en/personality/estp-a|zh-CN:https://fermatmind.com/zh/personality/estp-a|x-default:https://fermatmind.com,1,ESTP-A Entrepreneur Personality,1,Quick answers,18,AboutPage|BreadcrumbList|WebPage,1,7,3,0,1584,0,thin_h2_structure|weak_personality_internal_links,
https://fermatmind.com/en/personality/estp-t,en,en,variant,ESTP,T,explorer,P1,200,https://fermatmind.com/en/personality/estp-t,188151,"ESTP-T Entrepreneur Personality: Traits, Careers & Relationships | FermatMind","Explore the ESTP-T Entrepreneur personality type, including traits, strengths, blind spots, relationships, career fit, and how to confirm your type with an MBTI test.","index, follow",https://fermatmind.com/en/personality/estp-t,3,en:https://fermatmind.com/en/personality/estp-t|zh-CN:https://fermatmind.com/zh/personality/estp-t|x-default:https://fermatmind.com,1,ESTP-T Entrepreneur Personality,1,Quick answers,18,AboutPage|BreadcrumbList|WebPage,1,7,3,0,1585,0,thin_h2_structure|weak_personality_internal_links,
https://fermatmind.com/en/personality/estp-a-vs-estp-t,en,en,comparison,ESTP,A_vs_T,explorer,P0,200,https://fermatmind.com/en/personality/estp-a-vs-estp-t,104853,"ESTP-A vs ESTP-T: Traits, Careers, Love & Rarity | FermatMind","Compare ESTP-A and ESTP-T traits, A/T differences, strengths, blind spots, relationships, career fit, rarity, and how to confirm your type with an MBTI test.","index, follow",https://fermatmind.com/en/personality/estp-a-vs-estp-t,3,en:https://fermatmind.com/en/personality/estp-a-vs-estp-t|zh-CN:https://fermatmind.com/zh/personality/estp-a-vs-estp-t|x-default:https://fermatmind.com,1,"ESTP-A vs ESTP-T: Traits, Careers, Love & Rarity",7,Entrepreneur | Entrepreneur | Core traits comparison | Career fit and work style | Relationships and love style | Rarity and identification cues | Quick answers,0,BreadcrumbList|CollectionPage,2,6,1,0,816,0,,
https://fermatmind.com/en/personality/esfp-a,en,en,variant,ESFP,A,explorer,P1,200,https://fermatmind.com/en/personality/esfp-a,187953,"ESFP-A Entertainer Personality: Traits, Careers & Relationships | FermatMind","Explore the ESFP-A Entertainer personality type, including traits, strengths, blind spots, relationships, career fit, and how to confirm your type with an MBTI test.","index, follow",https://fermatmind.com/en/personality/esfp-a,3,en:https://fermatmind.com/en/personality/esfp-a|zh-CN:https://fermatmind.com/zh/personality/esfp-a|x-default:https://fermatmind.com,1,ESFP-A Entertainer Personality,1,Quick answers,18,AboutPage|BreadcrumbList|WebPage,1,7,3,0,1576,0,thin_h2_structure|weak_personality_internal_links,
https://fermatmind.com/en/personality/esfp-t,en,en,variant,ESFP,T,explorer,P1,200,https://fermatmind.com/en/personality/esfp-t,188184,"ESFP-T Entertainer Personality: Traits, Careers & Relationships | FermatMind","Explore the ESFP-T Entertainer personality type, including traits, strengths, blind spots, relationships, career fit, and how to confirm your type with an MBTI test.","index, follow",https://fermatmind.com/en/personality/esfp-t,3,en:https://fermatmind.com/en/personality/esfp-t|zh-CN:https://fermatmind.com/zh/personality/esfp-t|x-default:https://fermatmind.com,1,ESFP-T Entertainer Personality,1,Quick answers,18,AboutPage|BreadcrumbList|WebPage,1,7,3,0,1584,0,thin_h2_structure|weak_personality_internal_links,
https://fermatmind.com/en/personality/esfp-a-vs-esfp-t,en,en,comparison,ESFP,A_vs_T,explorer,P0,200,https://fermatmind.com/en/personality/esfp-a-vs-esfp-t,104912,"ESFP-A vs ESFP-T: Traits, Careers, Love & Rarity | FermatMind","Compare ESFP-A and ESFP-T traits, A/T differences, strengths, blind spots, relationships, career fit, rarity, and how to confirm your type with an MBTI test.","index, follow",https://fermatmind.com/en/personality/esfp-a-vs-esfp-t,3,en:https://fermatmind.com/en/personality/esfp-a-vs-esfp-t|zh-CN:https://fermatmind.com/zh/personality/esfp-a-vs-esfp-t|x-default:https://fermatmind.com,1,"ESFP-A vs ESFP-T: Traits, Careers, Love & Rarity",7,Entertainer | Entertainer | Core traits comparison | Career fit and work style | Relationships and love style | Rarity and identification cues | Quick answers,0,BreadcrumbList|CollectionPage,2,6,1,0,817,0,,
https://fermatmind.com/zh/personality,zh,zh-CN,hub,,,,P0,200,https://fermatmind.com/zh/personality,236292,人格类型 | FermatMind,先做 MBTI 测试，或直接浏览 32 个 A/T 人格变体内容。,"index, follow",https://fermatmind.com/zh/personality,3,en:https://fermatmind.com/en/personality|zh-CN:https://fermatmind.com/zh/personality|x-default:https://fermatmind.com,1,32 个 A/T 人格入口,4,分析家 | 外交家 | 守护者 | 探索者,32,BreadcrumbList|ItemList|WebPage,32,6,2,0,113,1531,,
https://fermatmind.com/zh/personality/intj-a,zh,zh-CN,variant,INTJ,A,analyst,P1,200,https://fermatmind.com/zh/personality/intj-a,177808,INTJ-A 建筑师人格：特点、爱情、职业与适合工作 | FermatMind,了解 INTJ-A 建筑师人格的核心特点、优势盲点、爱情关系、职业倾向与适合工作，并通过 MBTI 测试确认自己的类型。,"index, follow",https://fermatmind.com/zh/personality/intj-a,3,en:https://fermatmind.com/en/personality/intj-a|zh-CN:https://fermatmind.com/zh/personality/intj-a|x-default:https://fermatmind.com,1,INTJ-A 建筑师人格,0,,18,AboutPage|BreadcrumbList|WebPage,1,7,3,0,28,4224,thin_h2_structure|weak_personality_internal_links,
https://fermatmind.com/zh/personality/intj-t,zh,zh-CN,variant,INTJ,T,analyst,P1,200,https://fermatmind.com/zh/personality/intj-t,176187,INTJ-T 建筑师人格：特点、爱情、职业与适合工作 | FermatMind,了解 INTJ-T 建筑师人格的核心特点、优势盲点、爱情关系、职业倾向与适合工作，并通过 MBTI 测试确认自己的类型。,"index, follow",https://fermatmind.com/zh/personality/intj-t,3,en:https://fermatmind.com/en/personality/intj-t|zh-CN:https://fermatmind.com/zh/personality/intj-t|x-default:https://fermatmind.com,1,INTJ-T 建筑师人格,0,,18,AboutPage|BreadcrumbList|WebPage,1,7,3,0,29,4183,thin_h2_structure|weak_personality_internal_links,
https://fermatmind.com/zh/personality/intj-a-vs-intj-t,zh,zh-CN,comparison,INTJ,A_vs_T,analyst,P0,200,https://fermatmind.com/zh/personality/intj-a-vs-intj-t,97001,INTJ-A 和 INTJ-T 区别：特点、职业、爱情与稀有度 | FermatMind,对比 INTJ-A 与 INTJ-T 的 A/T 区别、核心特点、爱情关系、适合职业、优势盲点、稀有度，并通过 MBTI 测试确认自己的类型。,"index, follow",https://fermatmind.com/zh/personality/intj-a-vs-intj-t,3,en:https://fermatmind.com/en/personality/intj-a-vs-intj-t|zh-CN:https://fermatmind.com/zh/personality/intj-a-vs-intj-t|x-default:https://fermatmind.com,1,INTJ-A 和 INTJ-T 区别：特点、职业、爱情与稀有度,7,建筑师型 | 建筑师型 | 核心特点对比 | 适合职业与工作风格 | 爱情关系与相处方式 | 稀有度与识别线索 | 快速答案,0,BreadcrumbList|CollectionPage,2,6,1,0,40,1638,,
https://fermatmind.com/zh/personality/intp-a,zh,zh-CN,variant,INTP,A,analyst,P1,200,https://fermatmind.com/zh/personality/intp-a,177911,INTP-A 逻辑学家人格：特点、爱情、职业与适合工作 | FermatMind,了解 INTP-A 逻辑学家人格的核心特点、优势盲点、爱情关系、职业倾向与适合工作，并通过 MBTI 测试确认自己的类型。,"index, follow",https://fermatmind.com/zh/personality/intp-a,3,en:https://fermatmind.com/en/personality/intp-a|zh-CN:https://fermatmind.com/zh/personality/intp-a|x-default:https://fermatmind.com,1,INTP-A 逻辑学家人格,0,,18,AboutPage|BreadcrumbList|WebPage,1,7,3,0,30,4103,thin_h2_structure|weak_personality_internal_links,
https://fermatmind.com/zh/personality/intp-t,zh,zh-CN,variant,INTP,T,analyst,P1,200,https://fermatmind.com/zh/personality/intp-t,179116,INTP-T 逻辑学家人格：特点、爱情、职业与适合工作 | FermatMind,了解 INTP-T 逻辑学家人格的核心特点、优势盲点、爱情关系、职业倾向与适合工作，并通过 MBTI 测试确认自己的类型。,"index, follow",https://fermatmind.com/zh/personality/intp-t,3,en:https://fermatmind.com/en/personality/intp-t|zh-CN:https://fermatmind.com/zh/personality/intp-t|x-default:https://fermatmind.com,1,INTP-T 逻辑学家人格,0,,18,AboutPage|BreadcrumbList|WebPage,1,7,3,0,30,4086,thin_h2_structure|weak_personality_internal_links,
https://fermatmind.com/zh/personality/intp-a-vs-intp-t,zh,zh-CN,comparison,INTP,A_vs_T,analyst,P0,200,https://fermatmind.com/zh/personality/intp-a-vs-intp-t,97083,INTP-A 和 INTP-T 区别：特点、职业、爱情与稀有度 | FermatMind,对比 INTP-A 与 INTP-T 的 A/T 区别、核心特点、爱情关系、适合职业、优势盲点、稀有度，并通过 MBTI 测试确认自己的类型。,"index, follow",https://fermatmind.com/zh/personality/intp-a-vs-intp-t,3,en:https://fermatmind.com/en/personality/intp-a-vs-intp-t|zh-CN:https://fermatmind.com/zh/personality/intp-a-vs-intp-t|x-default:https://fermatmind.com,1,INTP-A 和 INTP-T 区别：特点、职业、爱情与稀有度,7,逻辑学家型 | 逻辑学家型 | 核心特点对比 | 适合职业与工作风格 | 爱情关系与相处方式 | 稀有度与识别线索 | 快速答案,0,BreadcrumbList|CollectionPage,2,6,1,0,40,1662,,
https://fermatmind.com/zh/personality/entj-a,zh,zh-CN,variant,ENTJ,A,analyst,P1,200,https://fermatmind.com/zh/personality/entj-a,177125,ENTJ-A 指挥官人格：特点、爱情、职业与适合工作 | FermatMind,了解 ENTJ-A 指挥官人格的核心特点、优势盲点、爱情关系、职业倾向与适合工作，并通过 MBTI 测试确认自己的类型。,"index, follow",https://fermatmind.com/zh/personality/entj-a,3,en:https://fermatmind.com/en/personality/entj-a|zh-CN:https://fermatmind.com/zh/personality/entj-a|x-default:https://fermatmind.com,1,ENTJ-A 指挥官人格,0,,18,AboutPage|BreadcrumbList|WebPage,1,7,3,0,33,4269,thin_h2_structure|weak_personality_internal_links,
https://fermatmind.com/zh/personality/entj-t,zh,zh-CN,variant,ENTJ,T,analyst,P1,200,https://fermatmind.com/zh/personality/entj-t,177112,ENTJ-T 指挥官人格：特点、爱情、职业与适合工作 | FermatMind,了解 ENTJ-T 指挥官人格的核心特点、优势盲点、爱情关系、职业倾向与适合工作，并通过 MBTI 测试确认自己的类型。,"index, follow",https://fermatmind.com/zh/personality/entj-t,3,en:https://fermatmind.com/en/personality/entj-t|zh-CN:https://fermatmind.com/zh/personality/entj-t|x-default:https://fermatmind.com,1,ENTJ-T 指挥官人格,0,,18,AboutPage|BreadcrumbList|WebPage,1,7,3,0,35,4180,thin_h2_structure|weak_personality_internal_links,
https://fermatmind.com/zh/personality/entj-a-vs-entj-t,zh,zh-CN,comparison,ENTJ,A_vs_T,analyst,P0,200,https://fermatmind.com/zh/personality/entj-a-vs-entj-t,96986,ENTJ-A 和 ENTJ-T 区别：特点、职业、爱情与稀有度 | FermatMind,对比 ENTJ-A 与 ENTJ-T 的 A/T 区别、核心特点、爱情关系、适合职业、优势盲点、稀有度，并通过 MBTI 测试确认自己的类型。,"index, follow",https://fermatmind.com/zh/personality/entj-a-vs-entj-t,3,en:https://fermatmind.com/en/personality/entj-a-vs-entj-t|zh-CN:https://fermatmind.com/zh/personality/entj-a-vs-entj-t|x-default:https://fermatmind.com,1,ENTJ-A 和 ENTJ-T 区别：特点、职业、爱情与稀有度,7,指挥官型 | 指挥官型 | 核心特点对比 | 适合职业与工作风格 | 爱情关系与相处方式 | 稀有度与识别线索 | 快速答案,0,BreadcrumbList|CollectionPage,2,6,1,0,40,1616,,
https://fermatmind.com/zh/personality/entp-a,zh,zh-CN,variant,ENTP,A,analyst,P1,200,https://fermatmind.com/zh/personality/entp-a,175988,ENTP-A 辩论家人格：特点、爱情、职业与适合工作 | FermatMind,了解 ENTP-A 辩论家人格的核心特点、优势盲点、爱情关系、职业倾向与适合工作，并通过 MBTI 测试确认自己的类型。,"index, follow",https://fermatmind.com/zh/personality/entp-a,3,en:https://fermatmind.com/en/personality/entp-a|zh-CN:https://fermatmind.com/zh/personality/entp-a|x-default:https://fermatmind.com,1,ENTP-A 辩论家人格,0,,18,AboutPage|BreadcrumbList|WebPage,1,7,3,0,35,3941,thin_h2_structure|weak_personality_internal_links,
https://fermatmind.com/zh/personality/entp-t,zh,zh-CN,variant,ENTP,T,analyst,P1,200,https://fermatmind.com/zh/personality/entp-t,178488,ENTP-T 辩论家人格：特点、爱情、职业与适合工作 | FermatMind,了解 ENTP-T 辩论家人格的核心特点、优势盲点、爱情关系、职业倾向与适合工作，并通过 MBTI 测试确认自己的类型。,"index, follow",https://fermatmind.com/zh/personality/entp-t,3,en:https://fermatmind.com/en/personality/entp-t|zh-CN:https://fermatmind.com/zh/personality/entp-t|x-default:https://fermatmind.com,1,ENTP-T 辩论家人格,0,,18,AboutPage|BreadcrumbList|WebPage,1,7,3,0,30,4159,thin_h2_structure|weak_personality_internal_links,
https://fermatmind.com/zh/personality/entp-a-vs-entp-t,zh,zh-CN,comparison,ENTP,A_vs_T,analyst,P0,200,https://fermatmind.com/zh/personality/entp-a-vs-entp-t,96753,ENTP-A 和 ENTP-T 区别：特点、职业、爱情与稀有度 | FermatMind,对比 ENTP-A 与 ENTP-T 的 A/T 区别、核心特点、爱情关系、适合职业、优势盲点、稀有度，并通过 MBTI 测试确认自己的类型。,"index, follow",https://fermatmind.com/zh/personality/entp-a-vs-entp-t,3,en:https://fermatmind.com/en/personality/entp-a-vs-entp-t|zh-CN:https://fermatmind.com/zh/personality/entp-a-vs-entp-t|x-default:https://fermatmind.com,1,ENTP-A 和 ENTP-T 区别：特点、职业、爱情与稀有度,7,辩论家型 | 辩论家型 | 核心特点对比 | 适合职业与工作风格 | 爱情关系与相处方式 | 稀有度与识别线索 | 快速答案,0,BreadcrumbList|CollectionPage,2,6,1,0,40,1516,,
https://fermatmind.com/zh/personality/infj-a,zh,zh-CN,variant,INFJ,A,diplomat,P1,200,https://fermatmind.com/zh/personality/infj-a,176876,INFJ-A 提倡者人格：特点、爱情、职业与适合工作 | FermatMind,了解 INFJ-A 提倡者人格的核心特点、优势盲点、爱情关系、职业倾向与适合工作，并通过 MBTI 测试确认自己的类型。,"index, follow",https://fermatmind.com/zh/personality/infj-a,3,en:https://fermatmind.com/en/personality/infj-a|zh-CN:https://fermatmind.com/zh/personality/infj-a|x-default:https://fermatmind.com,1,INFJ-A 提倡者人格,0,,18,AboutPage|BreadcrumbList|WebPage,1,7,3,0,33,4140,thin_h2_structure|weak_personality_internal_links,
https://fermatmind.com/zh/personality/infj-t,zh,zh-CN,variant,INFJ,T,diplomat,P1,200,https://fermatmind.com/zh/personality/infj-t,176134,INFJ-T 提倡者人格：特点、爱情、职业与适合工作 | FermatMind,了解 INFJ-T 提倡者人格的核心特点、优势盲点、爱情关系、职业倾向与适合工作，并通过 MBTI 测试确认自己的类型。,"index, follow",https://fermatmind.com/zh/personality/infj-t,3,en:https://fermatmind.com/en/personality/infj-t|zh-CN:https://fermatmind.com/zh/personality/infj-t|x-default:https://fermatmind.com,1,INFJ-T 提倡者人格,0,,18,AboutPage|BreadcrumbList|WebPage,1,7,3,0,30,3963,thin_h2_structure|weak_personality_internal_links,
https://fermatmind.com/zh/personality/infj-a-vs-infj-t,zh,zh-CN,comparison,INFJ,A_vs_T,diplomat,P0,200,https://fermatmind.com/zh/personality/infj-a-vs-infj-t,96948,INFJ-A 和 INFJ-T 区别：特点、职业、爱情与稀有度 | FermatMind,对比 INFJ-A 与 INFJ-T 的 A/T 区别、核心特点、爱情关系、适合职业、优势盲点、稀有度，并通过 MBTI 测试确认自己的类型。,"index, follow",https://fermatmind.com/zh/personality/infj-a-vs-infj-t,3,en:https://fermatmind.com/en/personality/infj-a-vs-infj-t|zh-CN:https://fermatmind.com/zh/personality/infj-a-vs-infj-t|x-default:https://fermatmind.com,1,INFJ-A 和 INFJ-T 区别：特点、职业、爱情与稀有度,7,提倡者型 | 提倡者型 | 核心特点对比 | 适合职业与工作风格 | 爱情关系与相处方式 | 稀有度与识别线索 | 快速答案,0,BreadcrumbList|CollectionPage,2,6,1,0,40,1607,,
https://fermatmind.com/zh/personality/infp-a,zh,zh-CN,variant,INFP,A,diplomat,P1,200,https://fermatmind.com/zh/personality/infp-a,176282,INFP-A 调停者人格：特点、爱情、职业与适合工作 | FermatMind,了解 INFP-A 调停者人格的核心特点、优势盲点、爱情关系、职业倾向与适合工作，并通过 MBTI 测试确认自己的类型。,"index, follow",https://fermatmind.com/zh/personality/infp-a,3,en:https://fermatmind.com/en/personality/infp-a|zh-CN:https://fermatmind.com/zh/personality/infp-a|x-default:https://fermatmind.com,1,INFP-A 调停者人格,0,,18,AboutPage|BreadcrumbList|WebPage,1,7,3,0,31,4088,thin_h2_structure|weak_personality_internal_links,
https://fermatmind.com/zh/personality/infp-t,zh,zh-CN,variant,INFP,T,diplomat,P1,200,https://fermatmind.com/zh/personality/infp-t,176323,INFP-T 调停者人格：特点、爱情、职业与适合工作 | FermatMind,了解 INFP-T 调停者人格的核心特点、优势盲点、爱情关系、职业倾向与适合工作，并通过 MBTI 测试确认自己的类型。,"index, follow",https://fermatmind.com/zh/personality/infp-t,3,en:https://fermatmind.com/en/personality/infp-t|zh-CN:https://fermatmind.com/zh/personality/infp-t|x-default:https://fermatmind.com,1,INFP-T 调停者人格,0,,18,AboutPage|BreadcrumbList|WebPage,1,7,3,0,31,4114,thin_h2_structure|weak_personality_internal_links,
https://fermatmind.com/zh/personality/infp-a-vs-infp-t,zh,zh-CN,comparison,INFP,A_vs_T,diplomat,P0,200,https://fermatmind.com/zh/personality/infp-a-vs-infp-t,96898,INFP-A 和 INFP-T 区别：特点、职业、爱情与稀有度 | FermatMind,对比 INFP-A 与 INFP-T 的 A/T 区别、核心特点、爱情关系、适合职业、优势盲点、稀有度，并通过 MBTI 测试确认自己的类型。,"index, follow",https://fermatmind.com/zh/personality/infp-a-vs-infp-t,3,en:https://fermatmind.com/en/personality/infp-a-vs-infp-t|zh-CN:https://fermatmind.com/zh/personality/infp-a-vs-infp-t|x-default:https://fermatmind.com,1,INFP-A 和 INFP-T 区别：特点、职业、爱情与稀有度,7,调停者型 | 调停者型 | 核心特点对比 | 适合职业与工作风格 | 爱情关系与相处方式 | 稀有度与识别线索 | 快速答案,0,BreadcrumbList|CollectionPage,2,6,1,0,42,1557,,
https://fermatmind.com/zh/personality/enfj-a,zh,zh-CN,variant,ENFJ,A,diplomat,P1,200,https://fermatmind.com/zh/personality/enfj-a,177707,ENFJ-A 主人公人格：特点、爱情、职业与适合工作 | FermatMind,了解 ENFJ-A 主人公人格的核心特点、优势盲点、爱情关系、职业倾向与适合工作，并通过 MBTI 测试确认自己的类型。,"index, follow",https://fermatmind.com/zh/personality/enfj-a,3,en:https://fermatmind.com/en/personality/enfj-a|zh-CN:https://fermatmind.com/zh/personality/enfj-a|x-default:https://fermatmind.com,1,ENFJ-A 主人公人格,0,,18,AboutPage|BreadcrumbList|WebPage,1,7,3,0,34,4080,thin_h2_structure|weak_personality_internal_links,
https://fermatmind.com/zh/personality/enfj-t,zh,zh-CN,variant,ENFJ,T,diplomat,P1,200,https://fermatmind.com/zh/personality/enfj-t,177240,ENFJ-T 主人公人格：特点、爱情、职业与适合工作 | FermatMind,了解 ENFJ-T 主人公人格的核心特点、优势盲点、爱情关系、职业倾向与适合工作，并通过 MBTI 测试确认自己的类型。,"index, follow",https://fermatmind.com/zh/personality/enfj-t,3,en:https://fermatmind.com/en/personality/enfj-t|zh-CN:https://fermatmind.com/zh/personality/enfj-t|x-default:https://fermatmind.com,1,ENFJ-T 主人公人格,0,,18,AboutPage|BreadcrumbList|WebPage,1,7,3,0,33,4039,thin_h2_structure|weak_personality_internal_links,
https://fermatmind.com/zh/personality/enfj-a-vs-enfj-t,zh,zh-CN,comparison,ENFJ,A_vs_T,diplomat,P0,200,https://fermatmind.com/zh/personality/enfj-a-vs-enfj-t,96884,ENFJ-A 和 ENFJ-T 区别：特点、职业、爱情与稀有度 | FermatMind,对比 ENFJ-A 与 ENFJ-T 的 A/T 区别、核心特点、爱情关系、适合职业、优势盲点、稀有度，并通过 MBTI 测试确认自己的类型。,"index, follow",https://fermatmind.com/zh/personality/enfj-a-vs-enfj-t,3,en:https://fermatmind.com/en/personality/enfj-a-vs-enfj-t|zh-CN:https://fermatmind.com/zh/personality/enfj-a-vs-enfj-t|x-default:https://fermatmind.com,1,ENFJ-A 和 ENFJ-T 区别：特点、职业、爱情与稀有度,7,主人公型 | 主人公型 | 核心特点对比 | 适合职业与工作风格 | 爱情关系与相处方式 | 稀有度与识别线索 | 快速答案,0,BreadcrumbList|CollectionPage,2,6,1,0,40,1564,,
https://fermatmind.com/zh/personality/enfp-a,zh,zh-CN,variant,ENFP,A,diplomat,P1,200,https://fermatmind.com/zh/personality/enfp-a,177150,ENFP-A 竞选者人格：特点、爱情、职业与适合工作 | FermatMind,了解 ENFP-A 竞选者人格的核心特点、优势盲点、爱情关系、职业倾向与适合工作，并通过 MBTI 测试确认自己的类型。,"index, follow",https://fermatmind.com/zh/personality/enfp-a,3,en:https://fermatmind.com/en/personality/enfp-a|zh-CN:https://fermatmind.com/zh/personality/enfp-a|x-default:https://fermatmind.com,1,ENFP-A 活动家人格,0,,18,AboutPage|BreadcrumbList|WebPage,1,7,3,0,33,4126,thin_h2_structure|weak_personality_internal_links,
https://fermatmind.com/zh/personality/enfp-t,zh,zh-CN,variant,ENFP,T,diplomat,P1,200,https://fermatmind.com/zh/personality/enfp-t,177499,ENFP-T 竞选者人格：特点、爱情、职业与适合工作 | FermatMind,了解 ENFP-T 竞选者人格的核心特点、优势盲点、爱情关系、职业倾向与适合工作，并通过 MBTI 测试确认自己的类型。,"index, follow",https://fermatmind.com/zh/personality/enfp-t,3,en:https://fermatmind.com/en/personality/enfp-t|zh-CN:https://fermatmind.com/zh/personality/enfp-t|x-default:https://fermatmind.com,1,ENFP-T 竞选人格,0,,18,AboutPage|BreadcrumbList|WebPage,1,7,3,0,32,4121,thin_h2_structure|weak_personality_internal_links,
https://fermatmind.com/zh/personality/enfp-a-vs-enfp-t,zh,zh-CN,comparison,ENFP,A_vs_T,diplomat,P0,200,https://fermatmind.com/zh/personality/enfp-a-vs-enfp-t,96915,ENFP-A 和 ENFP-T 区别：特点、职业、爱情与稀有度 | FermatMind,对比 ENFP-A 与 ENFP-T 的 A/T 区别、核心特点、爱情关系、适合职业、优势盲点、稀有度，并通过 MBTI 测试确认自己的类型。,"index, follow",https://fermatmind.com/zh/personality/enfp-a-vs-enfp-t,3,en:https://fermatmind.com/en/personality/enfp-a-vs-enfp-t|zh-CN:https://fermatmind.com/zh/personality/enfp-a-vs-enfp-t|x-default:https://fermatmind.com,1,ENFP-A 和 ENFP-T 区别：特点、职业、爱情与稀有度,7,活动家型 | 竞选型 | 核心特点对比 | 适合职业与工作风格 | 爱情关系与相处方式 | 稀有度与识别线索 | 快速答案,0,BreadcrumbList|CollectionPage,2,6,1,0,40,1604,,
https://fermatmind.com/zh/personality/istj-a,zh,zh-CN,variant,ISTJ,A,sentinel,P1,200,https://fermatmind.com/zh/personality/istj-a,177432,ISTJ-A 物流师人格：特点、爱情、职业与适合工作 | FermatMind,了解 ISTJ-A 物流师人格的核心特点、优势盲点、爱情关系、职业倾向与适合工作，并通过 MBTI 测试确认自己的类型。,"index, follow",https://fermatmind.com/zh/personality/istj-a,3,en:https://fermatmind.com/en/personality/istj-a|zh-CN:https://fermatmind.com/zh/personality/istj-a|x-default:https://fermatmind.com,1,ISTJ-A 物流师人格,0,,18,AboutPage|BreadcrumbList|WebPage,1,7,3,0,27,3970,thin_h2_structure|weak_personality_internal_links,
https://fermatmind.com/zh/personality/istj-t,zh,zh-CN,variant,ISTJ,T,sentinel,P1,200,https://fermatmind.com/zh/personality/istj-t,176504,ISTJ-T 物流师人格：特点、爱情、职业与适合工作 | FermatMind,了解 ISTJ-T 物流师人格的核心特点、优势盲点、爱情关系、职业倾向与适合工作，并通过 MBTI 测试确认自己的类型。,"index, follow",https://fermatmind.com/zh/personality/istj-t,3,en:https://fermatmind.com/en/personality/istj-t|zh-CN:https://fermatmind.com/zh/personality/istj-t|x-default:https://fermatmind.com,1,ISTJ-T 物流师人格,0,,18,AboutPage|BreadcrumbList|WebPage,1,7,3,0,29,4179,thin_h2_structure|weak_personality_internal_links,
https://fermatmind.com/zh/personality/istj-a-vs-istj-t,zh,zh-CN,comparison,ISTJ,A_vs_T,sentinel,P0,200,https://fermatmind.com/zh/personality/istj-a-vs-istj-t,97106,ISTJ-A 和 ISTJ-T 区别：特点、职业、爱情与稀有度 | FermatMind,对比 ISTJ-A 与 ISTJ-T 的 A/T 区别、核心特点、爱情关系、适合职业、优势盲点、稀有度，并通过 MBTI 测试确认自己的类型。,"index, follow",https://fermatmind.com/zh/personality/istj-a-vs-istj-t,3,en:https://fermatmind.com/en/personality/istj-a-vs-istj-t|zh-CN:https://fermatmind.com/zh/personality/istj-a-vs-istj-t|x-default:https://fermatmind.com,1,ISTJ-A 和 ISTJ-T 区别：特点、职业、爱情与稀有度,7,物流师型 | 物流师型 | 核心特点对比 | 适合职业与工作风格 | 爱情关系与相处方式 | 稀有度与识别线索 | 快速答案,0,BreadcrumbList|CollectionPage,2,6,1,0,40,1659,,
https://fermatmind.com/zh/personality/isfj-a,zh,zh-CN,variant,ISFJ,A,sentinel,P1,200,https://fermatmind.com/zh/personality/isfj-a,176197,ISFJ-A 守卫者人格：特点、爱情、职业与适合工作 | FermatMind,了解 ISFJ-A 守卫者人格的核心特点、优势盲点、爱情关系、职业倾向与适合工作，并通过 MBTI 测试确认自己的类型。,"index, follow",https://fermatmind.com/zh/personality/isfj-a,3,en:https://fermatmind.com/en/personality/isfj-a|zh-CN:https://fermatmind.com/zh/personality/isfj-a|x-default:https://fermatmind.com,1,ISFJ-A 守护者人格,0,,18,AboutPage|BreadcrumbList|WebPage,1,7,3,0,28,4134,thin_h2_structure|weak_personality_internal_links,
https://fermatmind.com/zh/personality/isfj-t,zh,zh-CN,variant,ISFJ,T,sentinel,P1,200,https://fermatmind.com/zh/personality/isfj-t,176346,ISFJ-T 守卫者人格：特点、爱情、职业与适合工作 | FermatMind,了解 ISFJ-T 守卫者人格的核心特点、优势盲点、爱情关系、职业倾向与适合工作，并通过 MBTI 测试确认自己的类型。,"index, follow",https://fermatmind.com/zh/personality/isfj-t,3,en:https://fermatmind.com/en/personality/isfj-t|zh-CN:https://fermatmind.com/zh/personality/isfj-t|x-default:https://fermatmind.com,1,ISFJ-T 守护者人格,0,,18,AboutPage|BreadcrumbList|WebPage,1,7,3,0,28,4097,thin_h2_structure|weak_personality_internal_links,
https://fermatmind.com/zh/personality/isfj-a-vs-isfj-t,zh,zh-CN,comparison,ISFJ,A_vs_T,sentinel,P0,200,https://fermatmind.com/zh/personality/isfj-a-vs-isfj-t,97049,ISFJ-A 和 ISFJ-T 区别：特点、职业、爱情与稀有度 | FermatMind,对比 ISFJ-A 与 ISFJ-T 的 A/T 区别、核心特点、爱情关系、适合职业、优势盲点、稀有度，并通过 MBTI 测试确认自己的类型。,"index, follow",https://fermatmind.com/zh/personality/isfj-a-vs-isfj-t,3,en:https://fermatmind.com/en/personality/isfj-a-vs-isfj-t|zh-CN:https://fermatmind.com/zh/personality/isfj-a-vs-isfj-t|x-default:https://fermatmind.com,1,ISFJ-A 和 ISFJ-T 区别：特点、职业、爱情与稀有度,7,守护者型 | 守护者型 | 核心特点对比 | 适合职业与工作风格 | 爱情关系与相处方式 | 稀有度与识别线索 | 快速答案,0,BreadcrumbList|CollectionPage,2,6,1,0,40,1646,,
https://fermatmind.com/zh/personality/estj-a,zh,zh-CN,variant,ESTJ,A,sentinel,P1,200,https://fermatmind.com/zh/personality/estj-a,176110,ESTJ-A 总经理人格：特点、爱情、职业与适合工作 | FermatMind,了解 ESTJ-A 总经理人格的核心特点、优势盲点、爱情关系、职业倾向与适合工作，并通过 MBTI 测试确认自己的类型。,"index, follow",https://fermatmind.com/zh/personality/estj-a,3,en:https://fermatmind.com/en/personality/estj-a|zh-CN:https://fermatmind.com/zh/personality/estj-a|x-default:https://fermatmind.com,1,ESTJ-A 总经理人格,0,,18,AboutPage|BreadcrumbList|WebPage,1,7,3,0,30,3953,thin_h2_structure|weak_personality_internal_links,
https://fermatmind.com/zh/personality/estj-t,zh,zh-CN,variant,ESTJ,T,sentinel,P1,200,https://fermatmind.com/zh/personality/estj-t,175810,ESTJ-T 总经理人格：特点、爱情、职业与适合工作 | FermatMind,了解 ESTJ-T 总经理人格的核心特点、优势盲点、爱情关系、职业倾向与适合工作，并通过 MBTI 测试确认自己的类型。,"index, follow",https://fermatmind.com/zh/personality/estj-t,3,en:https://fermatmind.com/en/personality/estj-t|zh-CN:https://fermatmind.com/zh/personality/estj-t|x-default:https://fermatmind.com,1,ESTJ-T 总经理人格,0,,18,AboutPage|BreadcrumbList|WebPage,1,7,3,0,28,4025,thin_h2_structure|weak_personality_internal_links,
https://fermatmind.com/zh/personality/estj-a-vs-estj-t,zh,zh-CN,comparison,ESTJ,A_vs_T,sentinel,P0,200,https://fermatmind.com/zh/personality/estj-a-vs-estj-t,96948,ESTJ-A 和 ESTJ-T 区别：特点、职业、爱情与稀有度 | FermatMind,对比 ESTJ-A 与 ESTJ-T 的 A/T 区别、核心特点、爱情关系、适合职业、优势盲点、稀有度，并通过 MBTI 测试确认自己的类型。,"index, follow",https://fermatmind.com/zh/personality/estj-a-vs-estj-t,3,en:https://fermatmind.com/en/personality/estj-a-vs-estj-t|zh-CN:https://fermatmind.com/zh/personality/estj-a-vs-estj-t|x-default:https://fermatmind.com,1,ESTJ-A 和 ESTJ-T 区别：特点、职业、爱情与稀有度,7,总经理型 | 总经理型 | 核心特点对比 | 适合职业与工作风格 | 爱情关系与相处方式 | 稀有度与识别线索 | 快速答案,0,BreadcrumbList|CollectionPage,2,6,1,0,40,1580,,
https://fermatmind.com/zh/personality/esfj-a,zh,zh-CN,variant,ESFJ,A,sentinel,P1,200,https://fermatmind.com/zh/personality/esfj-a,176659,ESFJ-A 执政官人格：特点、爱情、职业与适合工作 | FermatMind,了解 ESFJ-A 执政官人格的核心特点、优势盲点、爱情关系、职业倾向与适合工作，并通过 MBTI 测试确认自己的类型。,"index, follow",https://fermatmind.com/zh/personality/esfj-a,3,en:https://fermatmind.com/en/personality/esfj-a|zh-CN:https://fermatmind.com/zh/personality/esfj-a|x-default:https://fermatmind.com,1,ESFJ-A 执政官人格,0,,18,AboutPage|BreadcrumbList|WebPage,1,7,3,0,29,3986,thin_h2_structure|weak_personality_internal_links,
https://fermatmind.com/zh/personality/esfj-t,zh,zh-CN,variant,ESFJ,T,sentinel,P1,200,https://fermatmind.com/zh/personality/esfj-t,175646,ESFJ-T 执政官人格：特点、爱情、职业与适合工作 | FermatMind,了解 ESFJ-T 执政官人格的核心特点、优势盲点、爱情关系、职业倾向与适合工作，并通过 MBTI 测试确认自己的类型。,"index, follow",https://fermatmind.com/zh/personality/esfj-t,3,en:https://fermatmind.com/en/personality/esfj-t|zh-CN:https://fermatmind.com/zh/personality/esfj-t|x-default:https://fermatmind.com,1,ESFJ-T 执政官人格,0,,18,AboutPage|BreadcrumbList|WebPage,1,7,3,0,27,3986,thin_h2_structure|weak_personality_internal_links,
https://fermatmind.com/zh/personality/esfj-a-vs-esfj-t,zh,zh-CN,comparison,ESFJ,A_vs_T,sentinel,P0,200,https://fermatmind.com/zh/personality/esfj-a-vs-esfj-t,96933,ESFJ-A 和 ESFJ-T 区别：特点、职业、爱情与稀有度 | FermatMind,对比 ESFJ-A 与 ESFJ-T 的 A/T 区别、核心特点、爱情关系、适合职业、优势盲点、稀有度，并通过 MBTI 测试确认自己的类型。,"index, follow",https://fermatmind.com/zh/personality/esfj-a-vs-esfj-t,3,en:https://fermatmind.com/en/personality/esfj-a-vs-esfj-t|zh-CN:https://fermatmind.com/zh/personality/esfj-a-vs-esfj-t|x-default:https://fermatmind.com,1,ESFJ-A 和 ESFJ-T 区别：特点、职业、爱情与稀有度,7,执政官型 | 执政官型 | 核心特点对比 | 适合职业与工作风格 | 爱情关系与相处方式 | 稀有度与识别线索 | 快速答案,0,BreadcrumbList|CollectionPage,2,6,1,0,40,1596,,
https://fermatmind.com/zh/personality/istp-a,zh,zh-CN,variant,ISTP,A,explorer,P1,200,https://fermatmind.com/zh/personality/istp-a,176779,ISTP-A 鉴赏家人格：特点、爱情、职业与适合工作 | FermatMind,了解 ISTP-A 鉴赏家人格的核心特点、优势盲点、爱情关系、职业倾向与适合工作，并通过 MBTI 测试确认自己的类型。,"index, follow",https://fermatmind.com/zh/personality/istp-a,3,en:https://fermatmind.com/en/personality/istp-a|zh-CN:https://fermatmind.com/zh/personality/istp-a|x-default:https://fermatmind.com,1,ISTP-A 鉴赏家人格,0,,18,AboutPage|BreadcrumbList|WebPage,1,7,3,0,29,3998,thin_h2_structure|weak_personality_internal_links,
https://fermatmind.com/zh/personality/istp-t,zh,zh-CN,variant,ISTP,T,explorer,P1,200,https://fermatmind.com/zh/personality/istp-t,176922,ISTP-T 鉴赏家人格：特点、爱情、职业与适合工作 | FermatMind,了解 ISTP-T 鉴赏家人格的核心特点、优势盲点、爱情关系、职业倾向与适合工作，并通过 MBTI 测试确认自己的类型。,"index, follow",https://fermatmind.com/zh/personality/istp-t,3,en:https://fermatmind.com/en/personality/istp-t|zh-CN:https://fermatmind.com/zh/personality/istp-t|x-default:https://fermatmind.com,1,ISTP-T 探险家人格,0,,18,AboutPage|BreadcrumbList|WebPage,1,7,3,0,28,3889,thin_h2_structure|weak_personality_internal_links,
https://fermatmind.com/zh/personality/istp-a-vs-istp-t,zh,zh-CN,comparison,ISTP,A_vs_T,explorer,P0,200,https://fermatmind.com/zh/personality/istp-a-vs-istp-t,96917,ISTP-A 和 ISTP-T 区别：特点、职业、爱情与稀有度 | FermatMind,对比 ISTP-A 与 ISTP-T 的 A/T 区别、核心特点、爱情关系、适合职业、优势盲点、稀有度，并通过 MBTI 测试确认自己的类型。,"index, follow",https://fermatmind.com/zh/personality/istp-a-vs-istp-t,3,en:https://fermatmind.com/en/personality/istp-a-vs-istp-t|zh-CN:https://fermatmind.com/zh/personality/istp-a-vs-istp-t|x-default:https://fermatmind.com,1,ISTP-A 和 ISTP-T 区别：特点、职业、爱情与稀有度,7,鉴赏家型 | 探险家型 | 核心特点对比 | 适合职业与工作风格 | 爱情关系与相处方式 | 稀有度与识别线索 | 快速答案,0,BreadcrumbList|CollectionPage,2,6,1,0,42,1586,,
https://fermatmind.com/zh/personality/isfp-a,zh,zh-CN,variant,ISFP,A,explorer,P1,200,https://fermatmind.com/zh/personality/isfp-a,176116,ISFP-A 探险家人格：特点、爱情、职业与适合工作 | FermatMind,了解 ISFP-A 探险家人格的核心特点、优势盲点、爱情关系、职业倾向与适合工作，并通过 MBTI 测试确认自己的类型。,"index, follow",https://fermatmind.com/zh/personality/isfp-a,3,en:https://fermatmind.com/en/personality/isfp-a|zh-CN:https://fermatmind.com/zh/personality/isfp-a|x-default:https://fermatmind.com,1,ISFP-A 探险家人格,0,,18,AboutPage|BreadcrumbList|WebPage,1,7,3,0,31,3927,thin_h2_structure|weak_personality_internal_links,
https://fermatmind.com/zh/personality/isfp-t,zh,zh-CN,variant,ISFP,T,explorer,P1,200,https://fermatmind.com/zh/personality/isfp-t,177331,ISFP-T 探险家人格：特点、爱情、职业与适合工作 | FermatMind,了解 ISFP-T 探险家人格的核心特点、优势盲点、爱情关系、职业倾向与适合工作，并通过 MBTI 测试确认自己的类型。,"index, follow",https://fermatmind.com/zh/personality/isfp-t,3,en:https://fermatmind.com/en/personality/isfp-t|zh-CN:https://fermatmind.com/zh/personality/isfp-t|x-default:https://fermatmind.com,1,ISFP-T 探险家人格,0,,18,AboutPage|BreadcrumbList|WebPage,1,7,3,0,29,4407,thin_h2_structure|weak_personality_internal_links,
https://fermatmind.com/zh/personality/isfp-a-vs-isfp-t,zh,zh-CN,comparison,ISFP,A_vs_T,explorer,P0,200,https://fermatmind.com/zh/personality/isfp-a-vs-isfp-t,96623,ISFP-A 和 ISFP-T 区别：特点、职业、爱情与稀有度 | FermatMind,对比 ISFP-A 与 ISFP-T 的 A/T 区别、核心特点、爱情关系、适合职业、优势盲点、稀有度，并通过 MBTI 测试确认自己的类型。,"index, follow",https://fermatmind.com/zh/personality/isfp-a-vs-isfp-t,3,en:https://fermatmind.com/en/personality/isfp-a-vs-isfp-t|zh-CN:https://fermatmind.com/zh/personality/isfp-a-vs-isfp-t|x-default:https://fermatmind.com,1,ISFP-A 和 ISFP-T 区别：特点、职业、爱情与稀有度,7,探险家型 | 探险家型 | 核心特点对比 | 适合职业与工作风格 | 爱情关系与相处方式 | 稀有度与识别线索 | 快速答案,0,BreadcrumbList|CollectionPage,2,6,1,0,42,1568,,
https://fermatmind.com/zh/personality/estp-a,zh,zh-CN,variant,ESTP,A,explorer,P1,200,https://fermatmind.com/zh/personality/estp-a,176856,ESTP-A 企业家人格：特点、爱情、职业与适合工作 | FermatMind,了解 ESTP-A 企业家人格的核心特点、优势盲点、爱情关系、职业倾向与适合工作，并通过 MBTI 测试确认自己的类型。,"index, follow",https://fermatmind.com/zh/personality/estp-a,3,en:https://fermatmind.com/en/personality/estp-a|zh-CN:https://fermatmind.com/zh/personality/estp-a|x-default:https://fermatmind.com,1,ESTP-A 企业家人格,0,,18,AboutPage|BreadcrumbList|WebPage,1,7,3,0,29,4140,thin_h2_structure|weak_personality_internal_links,
https://fermatmind.com/zh/personality/estp-t,zh,zh-CN,variant,ESTP,T,explorer,P1,200,https://fermatmind.com/zh/personality/estp-t,177301,ESTP-T 企业家人格：特点、爱情、职业与适合工作 | FermatMind,了解 ESTP-T 企业家人格的核心特点、优势盲点、爱情关系、职业倾向与适合工作，并通过 MBTI 测试确认自己的类型。,"index, follow",https://fermatmind.com/zh/personality/estp-t,3,en:https://fermatmind.com/en/personality/estp-t|zh-CN:https://fermatmind.com/zh/personality/estp-t|x-default:https://fermatmind.com,1,ESTP-T 企业家人格,0,,18,AboutPage|BreadcrumbList|WebPage,1,7,3,0,29,3961,thin_h2_structure|weak_personality_internal_links,
https://fermatmind.com/zh/personality/estp-a-vs-estp-t,zh,zh-CN,comparison,ESTP,A_vs_T,explorer,P0,200,https://fermatmind.com/zh/personality/estp-a-vs-estp-t,96567,ESTP-A 和 ESTP-T 区别：特点、职业、爱情与稀有度 | FermatMind,对比 ESTP-A 与 ESTP-T 的 A/T 区别、核心特点、爱情关系、适合职业、优势盲点、稀有度，并通过 MBTI 测试确认自己的类型。,"index, follow",https://fermatmind.com/zh/personality/estp-a-vs-estp-t,3,en:https://fermatmind.com/en/personality/estp-a-vs-estp-t|zh-CN:https://fermatmind.com/zh/personality/estp-a-vs-estp-t|x-default:https://fermatmind.com,1,ESTP-A 和 ESTP-T 区别：特点、职业、爱情与稀有度,7,企业家型 | 企业家型 | 核心特点对比 | 适合职业与工作风格 | 爱情关系与相处方式 | 稀有度与识别线索 | 快速答案,0,BreadcrumbList|CollectionPage,2,6,1,0,40,1560,,
https://fermatmind.com/zh/personality/esfp-a,zh,zh-CN,variant,ESFP,A,explorer,P1,200,https://fermatmind.com/zh/personality/esfp-a,176312,ESFP-A 表演者人格：特点、爱情、职业与适合工作 | FermatMind,了解 ESFP-A 表演者人格的核心特点、优势盲点、爱情关系、职业倾向与适合工作，并通过 MBTI 测试确认自己的类型。,"index, follow",https://fermatmind.com/zh/personality/esfp-a,3,en:https://fermatmind.com/en/personality/esfp-a|zh-CN:https://fermatmind.com/zh/personality/esfp-a|x-default:https://fermatmind.com,1,ESFP-A 表演者人格,0,,18,AboutPage|BreadcrumbList|WebPage,1,7,3,0,30,4021,thin_h2_structure|weak_personality_internal_links,
https://fermatmind.com/zh/personality/esfp-t,zh,zh-CN,variant,ESFP,T,explorer,P1,200,https://fermatmind.com/zh/personality/esfp-t,177075,ESFP-T 表演者人格：特点、爱情、职业与适合工作 | FermatMind,了解 ESFP-T 表演者人格的核心特点、优势盲点、爱情关系、职业倾向与适合工作，并通过 MBTI 测试确认自己的类型。,"index, follow",https://fermatmind.com/zh/personality/esfp-t,3,en:https://fermatmind.com/en/personality/esfp-t|zh-CN:https://fermatmind.com/zh/personality/esfp-t|x-default:https://fermatmind.com,1,ESFP-T 表演者人格,0,,18,AboutPage|BreadcrumbList|WebPage,1,7,3,0,28,4225,thin_h2_structure|weak_personality_internal_links,
https://fermatmind.com/zh/personality/esfp-a-vs-esfp-t,zh,zh-CN,comparison,ESFP,A_vs_T,explorer,P0,200,https://fermatmind.com/zh/personality/esfp-a-vs-esfp-t,96776,ESFP-A 和 ESFP-T 区别：特点、职业、爱情与稀有度 | FermatMind,对比 ESFP-A 与 ESFP-T 的 A/T 区别、核心特点、爱情关系、适合职业、优势盲点、稀有度，并通过 MBTI 测试确认自己的类型。,"index, follow",https://fermatmind.com/zh/personality/esfp-a-vs-esfp-t,3,en:https://fermatmind.com/en/personality/esfp-a-vs-esfp-t|zh-CN:https://fermatmind.com/zh/personality/esfp-a-vs-esfp-t|x-default:https://fermatmind.com,1,ESFP-A 和 ESFP-T 区别：特点、职业、爱情与稀有度,7,表演者型 | 表演者型 | 核心特点对比 | 适合职业与工作风格 | 爱情关系与相处方式 | 稀有度与识别线索 | 快速答案,0,BreadcrumbList|CollectionPage,2,6,1,0,40,1548,,
