level,slug,locale,code,message
repair_required,accountants-and-auditors,zh-CN,asset_source_missing_fields,"citation_boundary,evidence_scope,publisher,source_type"
repair_required,accountants-and-auditors,zh-CN,asset_source_missing_fields,"citation_boundary,evidence_scope,publisher,source_type"
repair_required,accountants-and-auditors,zh-CN,asset_source_missing_fields,"citation_boundary,evidence_scope,publisher,source_type"
repair_required,accountants-and-auditors,zh-CN,asset_source_missing_fields,"citation_boundary,evidence_scope,publisher,source_type"
repair_required,accountants-and-auditors,zh-CN,asset_source_missing_fields,"citation_boundary,evidence_scope,publisher,source_type"
repair_required,accountants-and-auditors,zh-CN,asset_external_calibration_source_not_object,'pew_onet_ai_exposure_methodology'
repair_required,accountants-and-auditors,zh-CN,asset_external_calibration_source_not_object,'gpts_are_gpts_task_exposure'
repair_required,accountants-and-auditors,en,asset_source_missing_fields,"citation_boundary,evidence_scope,publisher,source_type"
repair_required,accountants-and-auditors,en,asset_source_missing_fields,"citation_boundary,evidence_scope,publisher,source_type"
repair_required,accountants-and-auditors,en,asset_source_missing_fields,"citation_boundary,evidence_scope,publisher,source_type"
repair_required,accountants-and-auditors,en,asset_source_missing_fields,"citation_boundary,evidence_scope,publisher,source_type"
repair_required,accountants-and-auditors,en,asset_source_missing_fields,"citation_boundary,evidence_scope,publisher,source_type"
repair_required,accountants-and-auditors,en,asset_external_calibration_source_not_object,'pew_onet_ai_exposure_methodology'
repair_required,accountants-and-auditors,en,asset_external_calibration_source_not_object,'gpts_are_gpts_task_exposure'
repair_required,actors,zh-CN,asset_source_missing_fields,"citation_boundary,evidence_scope,publisher,source_type"
repair_required,actors,zh-CN,asset_source_missing_fields,"citation_boundary,evidence_scope,publisher,source_type"
repair_required,actors,zh-CN,asset_source_missing_fields,"citation_boundary,evidence_scope,publisher,source_type"
repair_required,actors,zh-CN,asset_source_missing_fields,"citation_boundary,evidence_scope,publisher,source_type"
repair_required,actors,zh-CN,asset_external_calibration_source_not_object,'pew_onet_ai_exposure_methodology'
repair_required,actors,zh-CN,asset_external_calibration_source_not_object,'gpts_are_gpts_task_exposure'
repair_required,actors,en,asset_source_missing_fields,"citation_boundary,evidence_scope,publisher,source_type"
repair_required,actors,en,asset_source_missing_fields,"citation_boundary,evidence_scope,publisher,source_type"
repair_required,actors,en,asset_source_missing_fields,"citation_boundary,evidence_scope,publisher,source_type"
repair_required,actors,en,asset_source_missing_fields,"citation_boundary,evidence_scope,publisher,source_type"
repair_required,actors,en,asset_external_calibration_source_not_object,'pew_onet_ai_exposure_methodology'
repair_required,actors,en,asset_external_calibration_source_not_object,'gpts_are_gpts_task_exposure'
repair_required,actuaries,zh-CN,asset_source_missing_fields,"citation_boundary,evidence_scope,publisher,source_type"
repair_required,actuaries,zh-CN,asset_source_missing_fields,"citation_boundary,evidence_scope,publisher,source_type"
repair_required,actuaries,zh-CN,asset_source_missing_fields,"citation_boundary,evidence_scope,publisher,source_type"
repair_required,actuaries,zh-CN,asset_source_missing_fields,"citation_boundary,evidence_scope,publisher,source_type"
repair_required,actuaries,zh-CN,asset_external_calibration_source_not_object,'pew_onet_ai_exposure_methodology'
repair_required,actuaries,zh-CN,asset_external_calibration_source_not_object,'gpts_are_gpts_task_exposure'
repair_required,actuaries,en,asset_source_missing_fields,"citation_boundary,evidence_scope,publisher,source_type"
repair_required,actuaries,en,asset_source_missing_fields,"citation_boundary,evidence_scope,publisher,source_type"
repair_required,actuaries,en,asset_source_missing_fields,"citation_boundary,evidence_scope,publisher,source_type"
repair_required,actuaries,en,asset_source_missing_fields,"citation_boundary,evidence_scope,publisher,source_type"
repair_required,actuaries,en,asset_external_calibration_source_not_object,'pew_onet_ai_exposure_methodology'
repair_required,actuaries,en,asset_external_calibration_source_not_object,'gpts_are_gpts_task_exposure'
repair_required,acupuncturists,zh-CN,asset_source_missing_fields,"citation_boundary,evidence_scope,publisher,source_type"
repair_required,acupuncturists,zh-CN,asset_source_missing_fields,"citation_boundary,evidence_scope,publisher,source_type"
repair_required,acupuncturists,zh-CN,asset_source_missing_fields,"citation_boundary,evidence_scope,publisher,source_type"
repair_required,acupuncturists,zh-CN,asset_source_missing_fields,"citation_boundary,evidence_scope,publisher,source_type"
repair_required,acupuncturists,zh-CN,asset_external_calibration_source_not_object,'pew_onet_ai_exposure_methodology'
repair_required,acupuncturists,zh-CN,asset_external_calibration_source_not_object,'gpts_are_gpts_task_exposure'
repair_required,acupuncturists,en,asset_source_missing_fields,"citation_boundary,evidence_scope,publisher,source_type"
repair_required,acupuncturists,en,asset_source_missing_fields,"citation_boundary,evidence_scope,publisher,source_type"
repair_required,acupuncturists,en,asset_source_missing_fields,"citation_boundary,evidence_scope,publisher,source_type"
repair_required,acupuncturists,en,asset_source_missing_fields,"citation_boundary,evidence_scope,publisher,source_type"
repair_required,acupuncturists,en,asset_external_calibration_source_not_object,'pew_onet_ai_exposure_methodology'
repair_required,acupuncturists,en,asset_external_calibration_source_not_object,'gpts_are_gpts_task_exposure'
repair_required,acute-care-nurses,zh-CN,asset_source_missing_fields,"citation_boundary,evidence_scope,publisher,source_type"
repair_required,acute-care-nurses,zh-CN,asset_source_missing_fields,"citation_boundary,evidence_scope,publisher,source_type"
repair_required,acute-care-nurses,zh-CN,asset_source_missing_fields,"citation_boundary,evidence_scope,publisher,source_type"
repair_required,acute-care-nurses,zh-CN,asset_source_missing_fields,"citation_boundary,evidence_scope,publisher,source_type"
repair_required,acute-care-nurses,zh-CN,asset_external_calibration_source_not_object,'pew_onet_ai_exposure_methodology'
repair_required,acute-care-nurses,zh-CN,asset_external_calibration_source_not_object,'gpts_are_gpts_task_exposure'
repair_required,acute-care-nurses,en,asset_source_missing_fields,"citation_boundary,evidence_scope,publisher,source_type"
repair_required,acute-care-nurses,en,asset_source_missing_fields,"citation_boundary,evidence_scope,publisher,source_type"
repair_required,acute-care-nurses,en,asset_source_missing_fields,"citation_boundary,evidence_scope,publisher,source_type"
repair_required,acute-care-nurses,en,asset_source_missing_fields,"citation_boundary,evidence_scope,publisher,source_type"
repair_required,acute-care-nurses,en,asset_external_calibration_source_not_object,'pew_onet_ai_exposure_methodology'
repair_required,acute-care-nurses,en,asset_external_calibration_source_not_object,'gpts_are_gpts_task_exposure'
repair_required,adapted-physical-education-specialists,zh-CN,asset_source_missing_fields,"citation_boundary,evidence_scope,publisher,source_type"
repair_required,adapted-physical-education-specialists,zh-CN,asset_source_missing_fields,"citation_boundary,evidence_scope,publisher,source_type"
repair_required,adapted-physical-education-specialists,zh-CN,asset_source_missing_fields,"citation_boundary,evidence_scope,publisher,source_type"
repair_required,adapted-physical-education-specialists,zh-CN,asset_source_missing_fields,"citation_boundary,evidence_scope,publisher,source_type"
repair_required,adapted-physical-education-specialists,zh-CN,asset_external_calibration_source_not_object,'pew_onet_ai_exposure_methodology'
repair_required,adapted-physical-education-specialists,zh-CN,asset_external_calibration_source_not_object,'gpts_are_gpts_task_exposure'
repair_required,adapted-physical-education-specialists,en,asset_source_missing_fields,"citation_boundary,evidence_scope,publisher,source_type"
repair_required,adapted-physical-education-specialists,en,asset_source_missing_fields,"citation_boundary,evidence_scope,publisher,source_type"
repair_required,adapted-physical-education-specialists,en,asset_source_missing_fields,"citation_boundary,evidence_scope,publisher,source_type"
repair_required,adapted-physical-education-specialists,en,asset_source_missing_fields,"citation_boundary,evidence_scope,publisher,source_type"
repair_required,adapted-physical-education-specialists,en,asset_external_calibration_source_not_object,'pew_onet_ai_exposure_methodology'
repair_required,adapted-physical-education-specialists,en,asset_external_calibration_source_not_object,'gpts_are_gpts_task_exposure'
repair_required,adhesive-bonding-machine-operators-and-tenders,zh-CN,asset_source_missing_fields,"citation_boundary,evidence_scope,publisher,source_type"
repair_required,adhesive-bonding-machine-operators-and-tenders,zh-CN,asset_source_missing_fields,"citation_boundary,evidence_scope,publisher,source_type"
repair_required,adhesive-bonding-machine-operators-and-tenders,zh-CN,asset_source_missing_fields,"citation_boundary,evidence_scope,publisher,source_type"
repair_required,adhesive-bonding-machine-operators-and-tenders,zh-CN,asset_source_missing_fields,"citation_boundary,evidence_scope,publisher,source_type"
repair_required,adhesive-bonding-machine-operators-and-tenders,zh-CN,asset_external_calibration_source_not_object,'pew_onet_ai_exposure_methodology'
repair_required,adhesive-bonding-machine-operators-and-tenders,zh-CN,asset_external_calibration_source_not_object,'gpts_are_gpts_task_exposure'
repair_required,adhesive-bonding-machine-operators-and-tenders,en,asset_source_missing_fields,"citation_boundary,evidence_scope,publisher,source_type"
repair_required,adhesive-bonding-machine-operators-and-tenders,en,asset_source_missing_fields,"citation_boundary,evidence_scope,publisher,source_type"
repair_required,adhesive-bonding-machine-operators-and-tenders,en,asset_source_missing_fields,"citation_boundary,evidence_scope,publisher,source_type"
repair_required,adhesive-bonding-machine-operators-and-tenders,en,asset_source_missing_fields,"citation_boundary,evidence_scope,publisher,source_type"
repair_required,adhesive-bonding-machine-operators-and-tenders,en,asset_external_calibration_source_not_object,'pew_onet_ai_exposure_methodology'
repair_required,adhesive-bonding-machine-operators-and-tenders,en,asset_external_calibration_source_not_object,'gpts_are_gpts_task_exposure'
repair_required,administrative-law-judges-adjudicators-and-hearing-officers,zh-CN,asset_source_missing_fields,"citation_boundary,evidence_scope,publisher,source_type"
repair_required,administrative-law-judges-adjudicators-and-hearing-officers,zh-CN,asset_source_missing_fields,"citation_boundary,evidence_scope,publisher,source_type"
repair_required,administrative-law-judges-adjudicators-and-hearing-officers,zh-CN,asset_source_missing_fields,"citation_boundary,evidence_scope,publisher,source_type"
repair_required,administrative-law-judges-adjudicators-and-hearing-officers,zh-CN,asset_source_missing_fields,"citation_boundary,evidence_scope,publisher,source_type"
repair_required,administrative-law-judges-adjudicators-and-hearing-officers,zh-CN,asset_external_calibration_source_not_object,'pew_onet_ai_exposure_methodology'
repair_required,administrative-law-judges-adjudicators-and-hearing-officers,zh-CN,asset_external_calibration_source_not_object,'gpts_are_gpts_task_exposure'
repair_required,administrative-law-judges-adjudicators-and-hearing-officers,en,asset_source_missing_fields,"citation_boundary,evidence_scope,publisher,source_type"
repair_required,administrative-law-judges-adjudicators-and-hearing-officers,en,asset_source_missing_fields,"citation_boundary,evidence_scope,publisher,source_type"
repair_required,administrative-law-judges-adjudicators-and-hearing-officers,en,asset_source_missing_fields,"citation_boundary,evidence_scope,publisher,source_type"
repair_required,administrative-law-judges-adjudicators-and-hearing-officers,en,asset_source_missing_fields,"citation_boundary,evidence_scope,publisher,source_type"
repair_required,administrative-law-judges-adjudicators-and-hearing-officers,en,asset_external_calibration_source_not_object,'pew_onet_ai_exposure_methodology'
repair_required,administrative-law-judges-adjudicators-and-hearing-officers,en,asset_external_calibration_source_not_object,'gpts_are_gpts_task_exposure'
repair_required,administrative-services-managers,zh-CN,asset_source_missing_fields,"citation_boundary,evidence_scope,publisher,source_type"
repair_required,administrative-services-managers,zh-CN,asset_source_missing_fields,"citation_boundary,evidence_scope,publisher,source_type"
repair_required,administrative-services-managers,zh-CN,asset_source_missing_fields,"citation_boundary,evidence_scope,publisher,source_type"
repair_required,administrative-services-managers,zh-CN,asset_source_missing_fields,"citation_boundary,evidence_scope,publisher,source_type"
repair_required,administrative-services-managers,zh-CN,asset_source_missing_fields,"citation_boundary,evidence_scope,publisher,source_type"
repair_required,administrative-services-managers,zh-CN,asset_external_calibration_source_not_object,'pew_onet_ai_exposure_methodology'
repair_required,administrative-services-managers,zh-CN,asset_external_calibration_source_not_object,'gpts_are_gpts_task_exposure'
repair_required,administrative-services-managers,en,asset_source_missing_fields,"citation_boundary,evidence_scope,publisher,source_type"
repair_required,administrative-services-managers,en,asset_source_missing_fields,"citation_boundary,evidence_scope,publisher,source_type"
repair_required,administrative-services-managers,en,asset_source_missing_fields,"citation_boundary,evidence_scope,publisher,source_type"
repair_required,administrative-services-managers,en,asset_source_missing_fields,"citation_boundary,evidence_scope,publisher,source_type"
repair_required,administrative-services-managers,en,asset_source_missing_fields,"citation_boundary,evidence_scope,publisher,source_type"
repair_required,administrative-services-managers,en,asset_external_calibration_source_not_object,'pew_onet_ai_exposure_methodology'
repair_required,administrative-services-managers,en,asset_external_calibration_source_not_object,'gpts_are_gpts_task_exposure'
repair_required,adult-literacy-and-ged-teachers,zh-CN,asset_source_missing_fields,"citation_boundary,evidence_scope,publisher,source_type"
repair_required,adult-literacy-and-ged-teachers,zh-CN,asset_source_missing_fields,"citation_boundary,evidence_scope,publisher,source_type"
repair_required,adult-literacy-and-ged-teachers,zh-CN,asset_source_missing_fields,"citation_boundary,evidence_scope,publisher,source_type"
repair_required,adult-literacy-and-ged-teachers,zh-CN,asset_source_missing_fields,"citation_boundary,evidence_scope,publisher,source_type"
repair_required,adult-literacy-and-ged-teachers,zh-CN,asset_external_calibration_source_not_object,'pew_onet_ai_exposure_methodology'
repair_required,adult-literacy-and-ged-teachers,zh-CN,asset_external_calibration_source_not_object,'gpts_are_gpts_task_exposure'
repair_required,adult-literacy-and-ged-teachers,en,asset_source_missing_fields,"citation_boundary,evidence_scope,publisher,source_type"
repair_required,adult-literacy-and-ged-teachers,en,asset_source_missing_fields,"citation_boundary,evidence_scope,publisher,source_type"
repair_required,adult-literacy-and-ged-teachers,en,asset_source_missing_fields,"citation_boundary,evidence_scope,publisher,source_type"
repair_required,adult-literacy-and-ged-teachers,en,asset_source_missing_fields,"citation_boundary,evidence_scope,publisher,source_type"
repair_required,adult-literacy-and-ged-teachers,en,asset_external_calibration_source_not_object,'pew_onet_ai_exposure_methodology'
repair_required,adult-literacy-and-ged-teachers,en,asset_external_calibration_source_not_object,'gpts_are_gpts_task_exposure'
repair_required,adult-basic-education-adult-secondary-education-and-english-as-a-second-language-instructors,zh-CN,asset_source_missing_fields,"citation_boundary,evidence_scope,publisher,source_type"
repair_required,adult-basic-education-adult-secondary-education-and-english-as-a-second-language-instructors,zh-CN,asset_source_missing_fields,"citation_boundary,evidence_scope,publisher,source_type"
repair_required,adult-basic-education-adult-secondary-education-and-english-as-a-second-language-instructors,zh-CN,asset_source_missing_fields,"citation_boundary,evidence_scope,publisher,source_type"
repair_required,adult-basic-education-adult-secondary-education-and-english-as-a-second-language-instructors,zh-CN,asset_source_missing_fields,"citation_boundary,evidence_scope,publisher,source_type"
repair_required,adult-basic-education-adult-secondary-education-and-english-as-a-second-language-instructors,zh-CN,asset_external_calibration_source_not_object,'pew_onet_ai_exposure_methodology'
repair_required,adult-basic-education-adult-secondary-education-and-english-as-a-second-language-instructors,zh-CN,asset_external_calibration_source_not_object,'gpts_are_gpts_task_exposure'
repair_required,adult-basic-education-adult-secondary-education-and-english-as-a-second-language-instructors,en,asset_source_missing_fields,"citation_boundary,evidence_scope,publisher,source_type"
repair_required,adult-basic-education-adult-secondary-education-and-english-as-a-second-language-instructors,en,asset_source_missing_fields,"citation_boundary,evidence_scope,publisher,source_type"
repair_required,adult-basic-education-adult-secondary-education-and-english-as-a-second-language-instructors,en,asset_source_missing_fields,"citation_boundary,evidence_scope,publisher,source_type"
repair_required,adult-basic-education-adult-secondary-education-and-english-as-a-second-language-instructors,en,asset_source_missing_fields,"citation_boundary,evidence_scope,publisher,source_type"
repair_required,adult-basic-education-adult-secondary-education-and-english-as-a-second-language-instructors,en,asset_external_calibration_source_not_object,'pew_onet_ai_exposure_methodology'
repair_required,adult-basic-education-adult-secondary-education-and-english-as-a-second-language-instructors,en,asset_external_calibration_source_not_object,'gpts_are_gpts_task_exposure'
repair_required,advanced-practice-psychiatric-nurses,zh-CN,asset_source_missing_fields,"citation_boundary,evidence_scope,publisher,source_type"
repair_required,advanced-practice-psychiatric-nurses,zh-CN,asset_source_missing_fields,"citation_boundary,evidence_scope,publisher,source_type"
repair_required,advanced-practice-psychiatric-nurses,zh-CN,asset_source_missing_fields,"citation_boundary,evidence_scope,publisher,source_type"
repair_required,advanced-practice-psychiatric-nurses,zh-CN,asset_source_missing_fields,"citation_boundary,evidence_scope,publisher,source_type"
repair_required,advanced-practice-psychiatric-nurses,zh-CN,asset_external_calibration_source_not_object,'pew_onet_ai_exposure_methodology'
repair_required,advanced-practice-psychiatric-nurses,zh-CN,asset_external_calibration_source_not_object,'gpts_are_gpts_task_exposure'
repair_required,advanced-practice-psychiatric-nurses,en,asset_source_missing_fields,"citation_boundary,evidence_scope,publisher,source_type"
repair_required,advanced-practice-psychiatric-nurses,en,asset_source_missing_fields,"citation_boundary,evidence_scope,publisher,source_type"
repair_required,advanced-practice-psychiatric-nurses,en,asset_source_missing_fields,"citation_boundary,evidence_scope,publisher,source_type"
repair_required,advanced-practice-psychiatric-nurses,en,asset_source_missing_fields,"citation_boundary,evidence_scope,publisher,source_type"
repair_required,advanced-practice-psychiatric-nurses,en,asset_external_calibration_source_not_object,'pew_onet_ai_exposure_methodology'
repair_required,advanced-practice-psychiatric-nurses,en,asset_external_calibration_source_not_object,'gpts_are_gpts_task_exposure'
repair_required,advertising-and-promotions-managers,zh-CN,asset_source_missing_fields,"citation_boundary,evidence_scope,publisher,source_type"
repair_required,advertising-and-promotions-managers,zh-CN,asset_source_missing_fields,"citation_boundary,evidence_scope,publisher,source_type"
repair_required,advertising-and-promotions-managers,zh-CN,asset_source_missing_fields,"citation_boundary,evidence_scope,publisher,source_type"
repair_required,advertising-and-promotions-managers,zh-CN,asset_source_missing_fields,"citation_boundary,evidence_scope,publisher,source_type"
repair_required,advertising-and-promotions-managers,zh-CN,asset_external_calibration_source_not_object,'pew_onet_ai_exposure_methodology'
repair_required,advertising-and-promotions-managers,zh-CN,asset_external_calibration_source_not_object,'gpts_are_gpts_task_exposure'
repair_required,advertising-and-promotions-managers,en,asset_source_missing_fields,"citation_boundary,evidence_scope,publisher,source_type"
repair_required,advertising-and-promotions-managers,en,asset_source_missing_fields,"citation_boundary,evidence_scope,publisher,source_type"
repair_required,advertising-and-promotions-managers,en,asset_source_missing_fields,"citation_boundary,evidence_scope,publisher,source_type"
repair_required,advertising-and-promotions-managers,en,asset_source_missing_fields,"citation_boundary,evidence_scope,publisher,source_type"
repair_required,advertising-and-promotions-managers,en,asset_external_calibration_source_not_object,'pew_onet_ai_exposure_methodology'
repair_required,advertising-and-promotions-managers,en,asset_external_calibration_source_not_object,'gpts_are_gpts_task_exposure'
repair_required,advertising-sales-agents,zh-CN,asset_source_missing_fields,"citation_boundary,evidence_scope,publisher,source_type"
repair_required,advertising-sales-agents,zh-CN,asset_source_missing_fields,"citation_boundary,evidence_scope,publisher,source_type"
repair_required,advertising-sales-agents,zh-CN,asset_source_missing_fields,"citation_boundary,evidence_scope,publisher,source_type"
repair_required,advertising-sales-agents,zh-CN,asset_source_missing_fields,"citation_boundary,evidence_scope,publisher,source_type"
repair_required,advertising-sales-agents,zh-CN,asset_source_missing_fields,"citation_boundary,evidence_scope,publisher,source_type"
repair_required,advertising-sales-agents,zh-CN,asset_external_calibration_source_not_object,'pew_onet_ai_exposure_methodology'
repair_required,advertising-sales-agents,zh-CN,asset_external_calibration_source_not_object,'gpts_are_gpts_task_exposure'
repair_required,advertising-sales-agents,en,asset_source_missing_fields,"citation_boundary,evidence_scope,publisher,source_type"
repair_required,advertising-sales-agents,en,asset_source_missing_fields,"citation_boundary,evidence_scope,publisher,source_type"
repair_required,advertising-sales-agents,en,asset_source_missing_fields,"citation_boundary,evidence_scope,publisher,source_type"
repair_required,advertising-sales-agents,en,asset_source_missing_fields,"citation_boundary,evidence_scope,publisher,source_type"
repair_required,advertising-sales-agents,en,asset_source_missing_fields,"citation_boundary,evidence_scope,publisher,source_type"
repair_required,advertising-sales-agents,en,asset_external_calibration_source_not_object,'pew_onet_ai_exposure_methodology'
repair_required,advertising-sales-agents,en,asset_external_calibration_source_not_object,'gpts_are_gpts_task_exposure'
repair_required,advertising-promotions-and-marketing-managers,zh-CN,asset_source_missing_fields,"citation_boundary,evidence_scope,publisher,source_type"
repair_required,advertising-promotions-and-marketing-managers,zh-CN,asset_source_missing_fields,"citation_boundary,evidence_scope,publisher,source_type"
repair_required,advertising-promotions-and-marketing-managers,zh-CN,asset_source_missing_fields,"citation_boundary,evidence_scope,publisher,source_type"
repair_required,advertising-promotions-and-marketing-managers,zh-CN,asset_source_missing_fields,"citation_boundary,evidence_scope,publisher,source_type"
repair_required,advertising-promotions-and-marketing-managers,zh-CN,asset_external_calibration_source_not_object,'pew_onet_ai_exposure_methodology'
repair_required,advertising-promotions-and-marketing-managers,zh-CN,asset_external_calibration_source_not_object,'gpts_are_gpts_task_exposure'
repair_required,advertising-promotions-and-marketing-managers,en,asset_source_missing_fields,"citation_boundary,evidence_scope,publisher,source_type"
repair_required,advertising-promotions-and-marketing-managers,en,asset_source_missing_fields,"citation_boundary,evidence_scope,publisher,source_type"
repair_required,advertising-promotions-and-marketing-managers,en,asset_source_missing_fields,"citation_boundary,evidence_scope,publisher,source_type"
repair_required,advertising-promotions-and-marketing-managers,en,asset_source_missing_fields,"citation_boundary,evidence_scope,publisher,source_type"
repair_required,advertising-promotions-and-marketing-managers,en,asset_external_calibration_source_not_object,'pew_onet_ai_exposure_methodology'
repair_required,advertising-promotions-and-marketing-managers,en,asset_external_calibration_source_not_object,'gpts_are_gpts_task_exposure'
repair_required,aerospace-engineering-and-operations-technicians,zh-CN,asset_source_missing_fields,"citation_boundary,evidence_scope,publisher,source_type"
repair_required,aerospace-engineering-and-operations-technicians,zh-CN,asset_source_missing_fields,"citation_boundary,evidence_scope,publisher,source_type"
repair_required,aerospace-engineering-and-operations-technicians,zh-CN,asset_source_missing_fields,"citation_boundary,evidence_scope,publisher,source_type"
repair_required,aerospace-engineering-and-operations-technicians,zh-CN,asset_source_missing_fields,"citation_boundary,evidence_scope,publisher,source_type"
repair_required,aerospace-engineering-and-operations-technicians,zh-CN,asset_external_calibration_source_not_object,'pew_onet_ai_exposure_methodology'
repair_required,aerospace-engineering-and-operations-technicians,zh-CN,asset_external_calibration_source_not_object,'gpts_are_gpts_task_exposure'
repair_required,aerospace-engineering-and-operations-technicians,en,asset_source_missing_fields,"citation_boundary,evidence_scope,publisher,source_type"
repair_required,aerospace-engineering-and-operations-technicians,en,asset_source_missing_fields,"citation_boundary,evidence_scope,publisher,source_type"
repair_required,aerospace-engineering-and-operations-technicians,en,asset_source_missing_fields,"citation_boundary,evidence_scope,publisher,source_type"
repair_required,aerospace-engineering-and-operations-technicians,en,asset_source_missing_fields,"citation_boundary,evidence_scope,publisher,source_type"
repair_required,aerospace-engineering-and-operations-technicians,en,asset_external_calibration_source_not_object,'pew_onet_ai_exposure_methodology'
repair_required,aerospace-engineering-and-operations-technicians,en,asset_external_calibration_source_not_object,'gpts_are_gpts_task_exposure'
repair_required,aerospace-engineers,zh-CN,asset_source_missing_fields,"citation_boundary,evidence_scope,publisher,source_type"
repair_required,aerospace-engineers,zh-CN,asset_source_missing_fields,"citation_boundary,evidence_scope,publisher,source_type"
repair_required,aerospace-engineers,zh-CN,asset_source_missing_fields,"citation_boundary,evidence_scope,publisher,source_type"
repair_required,aerospace-engineers,zh-CN,asset_source_missing_fields,"citation_boundary,evidence_scope,publisher,source_type"
repair_required,aerospace-engineers,zh-CN,asset_source_missing_fields,"citation_boundary,evidence_scope,publisher,source_type"
repair_required,aerospace-engineers,zh-CN,asset_external_calibration_source_not_object,'pew_onet_ai_exposure_methodology'
repair_required,aerospace-engineers,zh-CN,asset_external_calibration_source_not_object,'gpts_are_gpts_task_exposure'
repair_required,aerospace-engineers,en,asset_source_missing_fields,"citation_boundary,evidence_scope,publisher,source_type"
repair_required,aerospace-engineers,en,asset_source_missing_fields,"citation_boundary,evidence_scope,publisher,source_type"
repair_required,aerospace-engineers,en,asset_source_missing_fields,"citation_boundary,evidence_scope,publisher,source_type"
repair_required,aerospace-engineers,en,asset_source_missing_fields,"citation_boundary,evidence_scope,publisher,source_type"
repair_required,aerospace-engineers,en,asset_source_missing_fields,"citation_boundary,evidence_scope,publisher,source_type"
repair_required,aerospace-engineers,en,asset_external_calibration_source_not_object,'pew_onet_ai_exposure_methodology'
repair_required,aerospace-engineers,en,asset_external_calibration_source_not_object,'gpts_are_gpts_task_exposure'
repair_required,agents-and-business-managers-of-artists-performers-and-athletes,zh-CN,asset_source_missing_fields,"citation_boundary,evidence_scope,publisher,source_type"
repair_required,agents-and-business-managers-of-artists-performers-and-athletes,zh-CN,asset_source_missing_fields,"citation_boundary,evidence_scope,publisher,source_type"
repair_required,agents-and-business-managers-of-artists-performers-and-athletes,zh-CN,asset_source_missing_fields,"citation_boundary,evidence_scope,publisher,source_type"
repair_required,agents-and-business-managers-of-artists-performers-and-athletes,zh-CN,asset_source_missing_fields,"citation_boundary,evidence_scope,publisher,source_type"
repair_required,agents-and-business-managers-of-artists-performers-and-athletes,zh-CN,asset_external_calibration_source_not_object,'pew_onet_ai_exposure_methodology'
repair_required,agents-and-business-managers-of-artists-performers-and-athletes,zh-CN,asset_external_calibration_source_not_object,'gpts_are_gpts_task_exposure'
repair_required,agents-and-business-managers-of-artists-performers-and-athletes,en,asset_source_missing_fields,"citation_boundary,evidence_scope,publisher,source_type"
repair_required,agents-and-business-managers-of-artists-performers-and-athletes,en,asset_source_missing_fields,"citation_boundary,evidence_scope,publisher,source_type"
repair_required,agents-and-business-managers-of-artists-performers-and-athletes,en,asset_source_missing_fields,"citation_boundary,evidence_scope,publisher,source_type"
repair_required,agents-and-business-managers-of-artists-performers-and-athletes,en,asset_source_missing_fields,"citation_boundary,evidence_scope,publisher,source_type"
repair_required,agents-and-business-managers-of-artists-performers-and-athletes,en,asset_external_calibration_source_not_object,'pew_onet_ai_exposure_methodology'
repair_required,agents-and-business-managers-of-artists-performers-and-athletes,en,asset_external_calibration_source_not_object,'gpts_are_gpts_task_exposure'
repair_required,agricultural-and-food-science-technicians,zh-CN,asset_source_missing_fields,"citation_boundary,evidence_scope,publisher,source_type"
repair_required,agricultural-and-food-science-technicians,zh-CN,asset_source_missing_fields,"citation_boundary,evidence_scope,publisher,source_type"
repair_required,agricultural-and-food-science-technicians,zh-CN,asset_source_missing_fields,"citation_boundary,evidence_scope,publisher,source_type"
repair_required,agricultural-and-food-science-technicians,zh-CN,asset_source_missing_fields,"citation_boundary,evidence_scope,publisher,source_type"
repair_required,agricultural-and-food-science-technicians,zh-CN,asset_external_calibration_source_not_object,'pew_onet_ai_exposure_methodology'
repair_required,agricultural-and-food-science-technicians,zh-CN,asset_external_calibration_source_not_object,'gpts_are_gpts_task_exposure'
repair_required,agricultural-and-food-science-technicians,en,asset_source_missing_fields,"citation_boundary,evidence_scope,publisher,source_type"
repair_required,agricultural-and-food-science-technicians,en,asset_source_missing_fields,"citation_boundary,evidence_scope,publisher,source_type"
repair_required,agricultural-and-food-science-technicians,en,asset_source_missing_fields,"citation_boundary,evidence_scope,publisher,source_type"
repair_required,agricultural-and-food-science-technicians,en,asset_source_missing_fields,"citation_boundary,evidence_scope,publisher,source_type"
repair_required,agricultural-and-food-science-technicians,en,asset_external_calibration_source_not_object,'pew_onet_ai_exposure_methodology'
repair_required,agricultural-and-food-science-technicians,en,asset_external_calibration_source_not_object,'gpts_are_gpts_task_exposure'
repair_required,agricultural-and-food-scientists,zh-CN,asset_source_missing_fields,"citation_boundary,evidence_scope,publisher,source_type"
repair_required,agricultural-and-food-scientists,zh-CN,asset_source_missing_fields,"citation_boundary,evidence_scope,publisher,source_type"
repair_required,agricultural-and-food-scientists,zh-CN,asset_source_missing_fields,"citation_boundary,evidence_scope,publisher,source_type"
repair_required,agricultural-and-food-scientists,zh-CN,asset_source_missing_fields,"citation_boundary,evidence_scope,publisher,source_type"
repair_required,agricultural-and-food-scientists,zh-CN,asset_external_calibration_source_not_object,'pew_onet_ai_exposure_methodology'
repair_required,agricultural-and-food-scientists,zh-CN,asset_external_calibration_source_not_object,'gpts_are_gpts_task_exposure'
repair_required,agricultural-and-food-scientists,en,asset_source_missing_fields,"citation_boundary,evidence_scope,publisher,source_type"
repair_required,agricultural-and-food-scientists,en,asset_source_missing_fields,"citation_boundary,evidence_scope,publisher,source_type"
repair_required,agricultural-and-food-scientists,en,asset_source_missing_fields,"citation_boundary,evidence_scope,publisher,source_type"
repair_required,agricultural-and-food-scientists,en,asset_source_missing_fields,"citation_boundary,evidence_scope,publisher,source_type"
repair_required,agricultural-and-food-scientists,en,asset_external_calibration_source_not_object,'pew_onet_ai_exposure_methodology'
repair_required,agricultural-and-food-scientists,en,asset_external_calibration_source_not_object,'gpts_are_gpts_task_exposure'
repair_required,agricultural-engineers,zh-CN,asset_source_missing_fields,"citation_boundary,evidence_scope,publisher,source_type"
repair_required,agricultural-engineers,zh-CN,asset_source_missing_fields,"citation_boundary,evidence_scope,publisher,source_type"
repair_required,agricultural-engineers,zh-CN,asset_source_missing_fields,"citation_boundary,evidence_scope,publisher,source_type"
repair_required,agricultural-engineers,zh-CN,asset_source_missing_fields,"citation_boundary,evidence_scope,publisher,source_type"
repair_required,agricultural-engineers,zh-CN,asset_source_missing_fields,"citation_boundary,evidence_scope,publisher,source_type"
repair_required,agricultural-engineers,zh-CN,asset_external_calibration_source_not_object,'pew_onet_ai_exposure_methodology'
repair_required,agricultural-engineers,zh-CN,asset_external_calibration_source_not_object,'gpts_are_gpts_task_exposure'
repair_required,agricultural-engineers,en,asset_source_missing_fields,"citation_boundary,evidence_scope,publisher,source_type"
repair_required,agricultural-engineers,en,asset_source_missing_fields,"citation_boundary,evidence_scope,publisher,source_type"
repair_required,agricultural-engineers,en,asset_source_missing_fields,"citation_boundary,evidence_scope,publisher,source_type"
repair_required,agricultural-engineers,en,asset_source_missing_fields,"citation_boundary,evidence_scope,publisher,source_type"
repair_required,agricultural-engineers,en,asset_source_missing_fields,"citation_boundary,evidence_scope,publisher,source_type"
repair_required,agricultural-engineers,en,asset_external_calibration_source_not_object,'pew_onet_ai_exposure_methodology'
repair_required,agricultural-engineers,en,asset_external_calibration_source_not_object,'gpts_are_gpts_task_exposure'
repair_required,agricultural-equipment-operators,zh-CN,asset_source_missing_fields,"citation_boundary,evidence_scope,publisher,source_type"
repair_required,agricultural-equipment-operators,zh-CN,asset_source_missing_fields,"citation_boundary,evidence_scope,publisher,source_type"
repair_required,agricultural-equipment-operators,zh-CN,asset_source_missing_fields,"citation_boundary,evidence_scope,publisher,source_type"
repair_required,agricultural-equipment-operators,zh-CN,asset_source_missing_fields,"citation_boundary,evidence_scope,publisher,source_type"
repair_required,agricultural-equipment-operators,zh-CN,asset_external_calibration_source_not_object,'pew_onet_ai_exposure_methodology'
repair_required,agricultural-equipment-operators,zh-CN,asset_external_calibration_source_not_object,'gpts_are_gpts_task_exposure'
repair_required,agricultural-equipment-operators,en,asset_source_missing_fields,"citation_boundary,evidence_scope,publisher,source_type"
repair_required,agricultural-equipment-operators,en,asset_source_missing_fields,"citation_boundary,evidence_scope,publisher,source_type"
repair_required,agricultural-equipment-operators,en,asset_source_missing_fields,"citation_boundary,evidence_scope,publisher,source_type"
repair_required,agricultural-equipment-operators,en,asset_source_missing_fields,"citation_boundary,evidence_scope,publisher,source_type"
repair_required,agricultural-equipment-operators,en,asset_external_calibration_source_not_object,'pew_onet_ai_exposure_methodology'
repair_required,agricultural-equipment-operators,en,asset_external_calibration_source_not_object,'gpts_are_gpts_task_exposure'
repair_required,agricultural-inspectors,zh-CN,asset_source_missing_fields,"citation_boundary,evidence_scope,publisher,source_type"
repair_required,agricultural-inspectors,zh-CN,asset_source_missing_fields,"citation_boundary,evidence_scope,publisher,source_type"
repair_required,agricultural-inspectors,zh-CN,asset_source_missing_fields,"citation_boundary,evidence_scope,publisher,source_type"
repair_required,agricultural-inspectors,zh-CN,asset_source_missing_fields,"citation_boundary,evidence_scope,publisher,source_type"
repair_required,agricultural-inspectors,zh-CN,asset_external_calibration_source_not_object,'pew_onet_ai_exposure_methodology'
repair_required,agricultural-inspectors,zh-CN,asset_external_calibration_source_not_object,'gpts_are_gpts_task_exposure'
repair_required,agricultural-inspectors,en,asset_source_missing_fields,"citation_boundary,evidence_scope,publisher,source_type"
repair_required,agricultural-inspectors,en,asset_source_missing_fields,"citation_boundary,evidence_scope,publisher,source_type"
repair_required,agricultural-inspectors,en,asset_source_missing_fields,"citation_boundary,evidence_scope,publisher,source_type"
repair_required,agricultural-inspectors,en,asset_source_missing_fields,"citation_boundary,evidence_scope,publisher,source_type"
repair_required,agricultural-inspectors,en,asset_external_calibration_source_not_object,'pew_onet_ai_exposure_methodology'
repair_required,agricultural-inspectors,en,asset_external_calibration_source_not_object,'gpts_are_gpts_task_exposure'
repair_required,agricultural-sciences-teachers-postsecondary,zh-CN,asset_source_missing_fields,"citation_boundary,evidence_scope,publisher,source_type"
repair_required,agricultural-sciences-teachers-postsecondary,zh-CN,asset_source_missing_fields,"citation_boundary,evidence_scope,publisher,source_type"
repair_required,agricultural-sciences-teachers-postsecondary,zh-CN,asset_source_missing_fields,"citation_boundary,evidence_scope,publisher,source_type"
repair_required,agricultural-sciences-teachers-postsecondary,zh-CN,asset_source_missing_fields,"citation_boundary,evidence_scope,publisher,source_type"
repair_required,agricultural-sciences-teachers-postsecondary,zh-CN,asset_external_calibration_source_not_object,'pew_onet_ai_exposure_methodology'
repair_required,agricultural-sciences-teachers-postsecondary,zh-CN,asset_external_calibration_source_not_object,'gpts_are_gpts_task_exposure'
repair_required,agricultural-sciences-teachers-postsecondary,en,asset_source_missing_fields,"citation_boundary,evidence_scope,publisher,source_type"
repair_required,agricultural-sciences-teachers-postsecondary,en,asset_source_missing_fields,"citation_boundary,evidence_scope,publisher,source_type"
repair_required,agricultural-sciences-teachers-postsecondary,en,asset_source_missing_fields,"citation_boundary,evidence_scope,publisher,source_type"
repair_required,agricultural-sciences-teachers-postsecondary,en,asset_source_missing_fields,"citation_boundary,evidence_scope,publisher,source_type"
repair_required,agricultural-sciences-teachers-postsecondary,en,asset_external_calibration_source_not_object,'pew_onet_ai_exposure_methodology'
repair_required,agricultural-sciences-teachers-postsecondary,en,asset_external_calibration_source_not_object,'gpts_are_gpts_task_exposure'
repair_required,agricultural-technicians,zh-CN,asset_source_missing_fields,"citation_boundary,evidence_scope,publisher,source_type"
repair_required,agricultural-technicians,zh-CN,asset_source_missing_fields,"citation_boundary,evidence_scope,publisher,source_type"
repair_required,agricultural-technicians,zh-CN,asset_source_missing_fields,"citation_boundary,evidence_scope,publisher,source_type"
repair_required,agricultural-technicians,zh-CN,asset_source_missing_fields,"citation_boundary,evidence_scope,publisher,source_type"
repair_required,agricultural-technicians,zh-CN,asset_external_calibration_source_not_object,'pew_onet_ai_exposure_methodology'
repair_required,agricultural-technicians,zh-CN,asset_external_calibration_source_not_object,'gpts_are_gpts_task_exposure'
repair_required,agricultural-technicians,en,asset_source_missing_fields,"citation_boundary,evidence_scope,publisher,source_type"
repair_required,agricultural-technicians,en,asset_source_missing_fields,"citation_boundary,evidence_scope,publisher,source_type"
repair_required,agricultural-technicians,en,asset_source_missing_fields,"citation_boundary,evidence_scope,publisher,source_type"
repair_required,agricultural-technicians,en,asset_source_missing_fields,"citation_boundary,evidence_scope,publisher,source_type"
repair_required,agricultural-technicians,en,asset_external_calibration_source_not_object,'pew_onet_ai_exposure_methodology'
repair_required,agricultural-technicians,en,asset_external_calibration_source_not_object,'gpts_are_gpts_task_exposure'
repair_required,agricultural-workers,zh-CN,asset_source_missing_fields,"citation_boundary,evidence_scope,publisher,source_type"
repair_required,agricultural-workers,zh-CN,asset_source_missing_fields,"citation_boundary,evidence_scope,publisher,source_type"
repair_required,agricultural-workers,zh-CN,asset_source_missing_fields,"citation_boundary,evidence_scope,publisher,source_type"
repair_required,agricultural-workers,zh-CN,asset_source_missing_fields,"citation_boundary,evidence_scope,publisher,source_type"
repair_required,agricultural-workers,zh-CN,asset_source_missing_fields,"citation_boundary,evidence_scope,publisher,source_type"
repair_required,agricultural-workers,zh-CN,asset_external_calibration_source_not_object,'pew_onet_ai_exposure_methodology'
repair_required,agricultural-workers,zh-CN,asset_external_calibration_source_not_object,'gpts_are_gpts_task_exposure'
repair_required,agricultural-workers,en,asset_source_missing_fields,"citation_boundary,evidence_scope,publisher,source_type"
repair_required,agricultural-workers,en,asset_source_missing_fields,"citation_boundary,evidence_scope,publisher,source_type"
repair_required,agricultural-workers,en,asset_source_missing_fields,"citation_boundary,evidence_scope,publisher,source_type"
repair_required,agricultural-workers,en,asset_source_missing_fields,"citation_boundary,evidence_scope,publisher,source_type"
repair_required,agricultural-workers,en,asset_source_missing_fields,"citation_boundary,evidence_scope,publisher,source_type"
repair_required,agricultural-workers,en,asset_external_calibration_source_not_object,'pew_onet_ai_exposure_methodology'
repair_required,agricultural-workers,en,asset_external_calibration_source_not_object,'gpts_are_gpts_task_exposure'
repair_required,air-crew-members,zh-CN,asset_source_missing_fields,"citation_boundary,evidence_scope,publisher,source_type"
repair_required,air-crew-members,zh-CN,asset_source_missing_fields,"citation_boundary,evidence_scope,publisher,source_type"
repair_required,air-crew-members,zh-CN,asset_source_missing_fields,"citation_boundary,evidence_scope,publisher,source_type"
repair_required,air-crew-members,zh-CN,asset_source_missing_fields,"citation_boundary,evidence_scope,publisher,source_type"
repair_required,air-crew-members,zh-CN,asset_external_calibration_source_not_object,'pew_onet_ai_exposure_methodology'
repair_required,air-crew-members,zh-CN,asset_external_calibration_source_not_object,'gpts_are_gpts_task_exposure'
repair_required,air-crew-members,en,asset_source_missing_fields,"citation_boundary,evidence_scope,publisher,source_type"
repair_required,air-crew-members,en,asset_source_missing_fields,"citation_boundary,evidence_scope,publisher,source_type"
repair_required,air-crew-members,en,asset_source_missing_fields,"citation_boundary,evidence_scope,publisher,source_type"
repair_required,air-crew-members,en,asset_source_missing_fields,"citation_boundary,evidence_scope,publisher,source_type"
repair_required,air-crew-members,en,asset_external_calibration_source_not_object,'pew_onet_ai_exposure_methodology'
repair_required,air-crew-members,en,asset_external_calibration_source_not_object,'gpts_are_gpts_task_exposure'
repair_required,air-crew-officers,zh-CN,asset_source_missing_fields,"citation_boundary,evidence_scope,publisher,source_type"
repair_required,air-crew-officers,zh-CN,asset_source_missing_fields,"citation_boundary,evidence_scope,publisher,source_type"
repair_required,air-crew-officers,zh-CN,asset_source_missing_fields,"citation_boundary,evidence_scope,publisher,source_type"
repair_required,air-crew-officers,zh-CN,asset_source_missing_fields,"citation_boundary,evidence_scope,publisher,source_type"
repair_required,air-crew-officers,zh-CN,asset_external_calibration_source_not_object,'pew_onet_ai_exposure_methodology'
repair_required,air-crew-officers,zh-CN,asset_external_calibration_source_not_object,'gpts_are_gpts_task_exposure'
repair_required,air-crew-officers,en,asset_source_missing_fields,"citation_boundary,evidence_scope,publisher,source_type"
repair_required,air-crew-officers,en,asset_source_missing_fields,"citation_boundary,evidence_scope,publisher,source_type"
repair_required,air-crew-officers,en,asset_source_missing_fields,"citation_boundary,evidence_scope,publisher,source_type"
repair_required,air-crew-officers,en,asset_source_missing_fields,"citation_boundary,evidence_scope,publisher,source_type"
repair_required,air-crew-officers,en,asset_external_calibration_source_not_object,'pew_onet_ai_exposure_methodology'
repair_required,air-crew-officers,en,asset_external_calibration_source_not_object,'gpts_are_gpts_task_exposure'
repair_required,air-traffic-controllers,zh-CN,asset_source_missing_fields,"citation_boundary,evidence_scope,publisher,source_type"
repair_required,air-traffic-controllers,zh-CN,asset_source_missing_fields,"citation_boundary,evidence_scope,publisher,source_type"
repair_required,air-traffic-controllers,zh-CN,asset_source_missing_fields,"citation_boundary,evidence_scope,publisher,source_type"
repair_required,air-traffic-controllers,zh-CN,asset_source_missing_fields,"citation_boundary,evidence_scope,publisher,source_type"
repair_required,air-traffic-controllers,zh-CN,asset_source_missing_fields,"citation_boundary,evidence_scope,publisher,source_type"
repair_required,air-traffic-controllers,zh-CN,asset_external_calibration_source_not_object,'pew_onet_ai_exposure_methodology'
repair_required,air-traffic-controllers,zh-CN,asset_external_calibration_source_not_object,'gpts_are_gpts_task_exposure'
repair_required,air-traffic-controllers,en,asset_source_missing_fields,"citation_boundary,evidence_scope,publisher,source_type"
repair_required,air-traffic-controllers,en,asset_source_missing_fields,"citation_boundary,evidence_scope,publisher,source_type"
repair_required,air-traffic-controllers,en,asset_source_missing_fields,"citation_boundary,evidence_scope,publisher,source_type"
repair_required,air-traffic-controllers,en,asset_source_missing_fields,"citation_boundary,evidence_scope,publisher,source_type"
repair_required,air-traffic-controllers,en,asset_source_missing_fields,"citation_boundary,evidence_scope,publisher,source_type"
repair_required,air-traffic-controllers,en,asset_external_calibration_source_not_object,'pew_onet_ai_exposure_methodology'
repair_required,air-traffic-controllers,en,asset_external_calibration_source_not_object,'gpts_are_gpts_task_exposure'
repair_required,aircraft-and-avionics-equipment-mechanics-and-technicians,zh-CN,asset_source_missing_fields,"citation_boundary,evidence_scope,publisher,source_type"
repair_required,aircraft-and-avionics-equipment-mechanics-and-technicians,zh-CN,asset_source_missing_fields,"citation_boundary,evidence_scope,publisher,source_type"
repair_required,aircraft-and-avionics-equipment-mechanics-and-technicians,zh-CN,asset_source_missing_fields,"citation_boundary,evidence_scope,publisher,source_type"
repair_required,aircraft-and-avionics-equipment-mechanics-and-technicians,zh-CN,asset_source_missing_fields,"citation_boundary,evidence_scope,publisher,source_type"
repair_required,aircraft-and-avionics-equipment-mechanics-and-technicians,zh-CN,asset_external_calibration_source_not_object,'pew_onet_ai_exposure_methodology'
repair_required,aircraft-and-avionics-equipment-mechanics-and-technicians,zh-CN,asset_external_calibration_source_not_object,'gpts_are_gpts_task_exposure'
repair_required,aircraft-and-avionics-equipment-mechanics-and-technicians,en,asset_source_missing_fields,"citation_boundary,evidence_scope,publisher,source_type"
repair_required,aircraft-and-avionics-equipment-mechanics-and-technicians,en,asset_source_missing_fields,"citation_boundary,evidence_scope,publisher,source_type"
repair_required,aircraft-and-avionics-equipment-mechanics-and-technicians,en,asset_source_missing_fields,"citation_boundary,evidence_scope,publisher,source_type"
repair_required,aircraft-and-avionics-equipment-mechanics-and-technicians,en,asset_source_missing_fields,"citation_boundary,evidence_scope,publisher,source_type"
repair_required,aircraft-and-avionics-equipment-mechanics-and-technicians,en,asset_external_calibration_source_not_object,'pew_onet_ai_exposure_methodology'
repair_required,aircraft-and-avionics-equipment-mechanics-and-technicians,en,asset_external_calibration_source_not_object,'gpts_are_gpts_task_exposure'
repair_required,aircraft-cargo-handling-supervisors,zh-CN,asset_source_missing_fields,"citation_boundary,evidence_scope,publisher,source_type"
repair_required,aircraft-cargo-handling-supervisors,zh-CN,asset_source_missing_fields,"citation_boundary,evidence_scope,publisher,source_type"
repair_required,aircraft-cargo-handling-supervisors,zh-CN,asset_source_missing_fields,"citation_boundary,evidence_scope,publisher,source_type"
repair_required,aircraft-cargo-handling-supervisors,zh-CN,asset_source_missing_fields,"citation_boundary,evidence_scope,publisher,source_type"
repair_required,aircraft-cargo-handling-supervisors,zh-CN,asset_external_calibration_source_not_object,'pew_onet_ai_exposure_methodology'
repair_required,aircraft-cargo-handling-supervisors,zh-CN,asset_external_calibration_source_not_object,'gpts_are_gpts_task_exposure'
repair_required,aircraft-cargo-handling-supervisors,en,asset_source_missing_fields,"citation_boundary,evidence_scope,publisher,source_type"
repair_required,aircraft-cargo-handling-supervisors,en,asset_source_missing_fields,"citation_boundary,evidence_scope,publisher,source_type"
repair_required,aircraft-cargo-handling-supervisors,en,asset_source_missing_fields,"citation_boundary,evidence_scope,publisher,source_type"
repair_required,aircraft-cargo-handling-supervisors,en,asset_source_missing_fields,"citation_boundary,evidence_scope,publisher,source_type"
repair_required,aircraft-cargo-handling-supervisors,en,asset_external_calibration_source_not_object,'pew_onet_ai_exposure_methodology'
repair_required,aircraft-cargo-handling-supervisors,en,asset_external_calibration_source_not_object,'gpts_are_gpts_task_exposure'
repair_required,aircraft-launch-and-recovery-officers,zh-CN,asset_source_missing_fields,"citation_boundary,evidence_scope,publisher,source_type"
repair_required,aircraft-launch-and-recovery-officers,zh-CN,asset_source_missing_fields,"citation_boundary,evidence_scope,publisher,source_type"
repair_required,aircraft-launch-and-recovery-officers,zh-CN,asset_source_missing_fields,"citation_boundary,evidence_scope,publisher,source_type"
repair_required,aircraft-launch-and-recovery-officers,zh-CN,asset_source_missing_fields,"citation_boundary,evidence_scope,publisher,source_type"
repair_required,aircraft-launch-and-recovery-officers,zh-CN,asset_external_calibration_source_not_object,'pew_onet_ai_exposure_methodology'
repair_required,aircraft-launch-and-recovery-officers,zh-CN,asset_external_calibration_source_not_object,'gpts_are_gpts_task_exposure'
repair_required,aircraft-launch-and-recovery-officers,en,asset_source_missing_fields,"citation_boundary,evidence_scope,publisher,source_type"
repair_required,aircraft-launch-and-recovery-officers,en,asset_source_missing_fields,"citation_boundary,evidence_scope,publisher,source_type"
repair_required,aircraft-launch-and-recovery-officers,en,asset_source_missing_fields,"citation_boundary,evidence_scope,publisher,source_type"
repair_required,aircraft-launch-and-recovery-officers,en,asset_source_missing_fields,"citation_boundary,evidence_scope,publisher,source_type"
repair_required,aircraft-launch-and-recovery-officers,en,asset_external_calibration_source_not_object,'pew_onet_ai_exposure_methodology'
repair_required,aircraft-launch-and-recovery-officers,en,asset_external_calibration_source_not_object,'gpts_are_gpts_task_exposure'
repair_required,aircraft-launch-and-recovery-specialists,zh-CN,asset_source_missing_fields,"citation_boundary,evidence_scope,publisher,source_type"
repair_required,aircraft-launch-and-recovery-specialists,zh-CN,asset_source_missing_fields,"citation_boundary,evidence_scope,publisher,source_type"
repair_required,aircraft-launch-and-recovery-specialists,zh-CN,asset_source_missing_fields,"citation_boundary,evidence_scope,publisher,source_type"
repair_required,aircraft-launch-and-recovery-specialists,zh-CN,asset_source_missing_fields,"citation_boundary,evidence_scope,publisher,source_type"
repair_required,aircraft-launch-and-recovery-specialists,zh-CN,asset_external_calibration_source_not_object,'pew_onet_ai_exposure_methodology'
repair_required,aircraft-launch-and-recovery-specialists,zh-CN,asset_external_calibration_source_not_object,'gpts_are_gpts_task_exposure'
repair_required,aircraft-launch-and-recovery-specialists,en,asset_source_missing_fields,"citation_boundary,evidence_scope,publisher,source_type"
repair_required,aircraft-launch-and-recovery-specialists,en,asset_source_missing_fields,"citation_boundary,evidence_scope,publisher,source_type"
repair_required,aircraft-launch-and-recovery-specialists,en,asset_source_missing_fields,"citation_boundary,evidence_scope,publisher,source_type"
repair_required,aircraft-launch-and-recovery-specialists,en,asset_source_missing_fields,"citation_boundary,evidence_scope,publisher,source_type"
repair_required,aircraft-launch-and-recovery-specialists,en,asset_external_calibration_source_not_object,'pew_onet_ai_exposure_methodology'
repair_required,aircraft-launch-and-recovery-specialists,en,asset_external_calibration_source_not_object,'gpts_are_gpts_task_exposure'
repair_required,aircraft-mechanics-and-service-technicians,zh-CN,asset_source_missing_fields,"citation_boundary,evidence_scope,publisher,source_type"
repair_required,aircraft-mechanics-and-service-technicians,zh-CN,asset_source_missing_fields,"citation_boundary,evidence_scope,publisher,source_type"
repair_required,aircraft-mechanics-and-service-technicians,zh-CN,asset_source_missing_fields,"citation_boundary,evidence_scope,publisher,source_type"
repair_required,aircraft-mechanics-and-service-technicians,zh-CN,asset_source_missing_fields,"citation_boundary,evidence_scope,publisher,source_type"
repair_required,aircraft-mechanics-and-service-technicians,zh-CN,asset_source_missing_fields,"citation_boundary,evidence_scope,publisher,source_type"
repair_required,aircraft-mechanics-and-service-technicians,zh-CN,asset_external_calibration_source_not_object,'pew_onet_ai_exposure_methodology'
repair_required,aircraft-mechanics-and-service-technicians,zh-CN,asset_external_calibration_source_not_object,'gpts_are_gpts_task_exposure'
repair_required,aircraft-mechanics-and-service-technicians,en,asset_source_missing_fields,"citation_boundary,evidence_scope,publisher,source_type"
repair_required,aircraft-mechanics-and-service-technicians,en,asset_source_missing_fields,"citation_boundary,evidence_scope,publisher,source_type"
repair_required,aircraft-mechanics-and-service-technicians,en,asset_source_missing_fields,"citation_boundary,evidence_scope,publisher,source_type"
repair_required,aircraft-mechanics-and-service-technicians,en,asset_source_missing_fields,"citation_boundary,evidence_scope,publisher,source_type"
repair_required,aircraft-mechanics-and-service-technicians,en,asset_source_missing_fields,"citation_boundary,evidence_scope,publisher,source_type"
repair_required,aircraft-mechanics-and-service-technicians,en,asset_external_calibration_source_not_object,'pew_onet_ai_exposure_methodology'
repair_required,aircraft-mechanics-and-service-technicians,en,asset_external_calibration_source_not_object,'gpts_are_gpts_task_exposure'
repair_required,aircraft-service-attendants,zh-CN,asset_source_missing_fields,"citation_boundary,evidence_scope,publisher,source_type"
repair_required,aircraft-service-attendants,zh-CN,asset_source_missing_fields,"citation_boundary,evidence_scope,publisher,source_type"
repair_required,aircraft-service-attendants,zh-CN,asset_source_missing_fields,"citation_boundary,evidence_scope,publisher,source_type"
repair_required,aircraft-service-attendants,zh-CN,asset_source_missing_fields,"citation_boundary,evidence_scope,publisher,source_type"
repair_required,aircraft-service-attendants,zh-CN,asset_external_calibration_source_not_object,'pew_onet_ai_exposure_methodology'
repair_required,aircraft-service-attendants,zh-CN,asset_external_calibration_source_not_object,'gpts_are_gpts_task_exposure'
repair_required,aircraft-service-attendants,en,asset_source_missing_fields,"citation_boundary,evidence_scope,publisher,source_type"
repair_required,aircraft-service-attendants,en,asset_source_missing_fields,"citation_boundary,evidence_scope,publisher,source_type"
repair_required,aircraft-service-attendants,en,asset_source_missing_fields,"citation_boundary,evidence_scope,publisher,source_type"
repair_required,aircraft-service-attendants,en,asset_source_missing_fields,"citation_boundary,evidence_scope,publisher,source_type"
repair_required,aircraft-service-attendants,en,asset_external_calibration_source_not_object,'pew_onet_ai_exposure_methodology'
repair_required,aircraft-service-attendants,en,asset_external_calibration_source_not_object,'gpts_are_gpts_task_exposure'
repair_required,aircraft-structure-surfaces-rigging-and-systems-assemblers,zh-CN,asset_source_missing_fields,"citation_boundary,evidence_scope,publisher,source_type"
repair_required,aircraft-structure-surfaces-rigging-and-systems-assemblers,zh-CN,asset_source_missing_fields,"citation_boundary,evidence_scope,publisher,source_type"
repair_required,aircraft-structure-surfaces-rigging-and-systems-assemblers,zh-CN,asset_source_missing_fields,"citation_boundary,evidence_scope,publisher,source_type"
repair_required,aircraft-structure-surfaces-rigging-and-systems-assemblers,zh-CN,asset_source_missing_fields,"citation_boundary,evidence_scope,publisher,source_type"
repair_required,aircraft-structure-surfaces-rigging-and-systems-assemblers,zh-CN,asset_external_calibration_source_not_object,'pew_onet_ai_exposure_methodology'
repair_required,aircraft-structure-surfaces-rigging-and-systems-assemblers,zh-CN,asset_external_calibration_source_not_object,'gpts_are_gpts_task_exposure'
repair_required,aircraft-structure-surfaces-rigging-and-systems-assemblers,en,asset_source_missing_fields,"citation_boundary,evidence_scope,publisher,source_type"
repair_required,aircraft-structure-surfaces-rigging-and-systems-assemblers,en,asset_source_missing_fields,"citation_boundary,evidence_scope,publisher,source_type"
repair_required,aircraft-structure-surfaces-rigging-and-systems-assemblers,en,asset_source_missing_fields,"citation_boundary,evidence_scope,publisher,source_type"
repair_required,aircraft-structure-surfaces-rigging-and-systems-assemblers,en,asset_source_missing_fields,"citation_boundary,evidence_scope,publisher,source_type"
repair_required,aircraft-structure-surfaces-rigging-and-systems-assemblers,en,asset_external_calibration_source_not_object,'pew_onet_ai_exposure_methodology'
repair_required,aircraft-structure-surfaces-rigging-and-systems-assemblers,en,asset_external_calibration_source_not_object,'gpts_are_gpts_task_exposure'
repair_required,airfield-operations-specialists,zh-CN,asset_source_missing_fields,"citation_boundary,evidence_scope,publisher,source_type"
repair_required,airfield-operations-specialists,zh-CN,asset_source_missing_fields,"citation_boundary,evidence_scope,publisher,source_type"
repair_required,airfield-operations-specialists,zh-CN,asset_source_missing_fields,"citation_boundary,evidence_scope,publisher,source_type"
repair_required,airfield-operations-specialists,zh-CN,asset_source_missing_fields,"citation_boundary,evidence_scope,publisher,source_type"
repair_required,airfield-operations-specialists,zh-CN,asset_external_calibration_source_not_object,'pew_onet_ai_exposure_methodology'
repair_required,airfield-operations-specialists,zh-CN,asset_external_calibration_source_not_object,'gpts_are_gpts_task_exposure'
repair_required,airfield-operations-specialists,en,asset_source_missing_fields,"citation_boundary,evidence_scope,publisher,source_type"
repair_required,airfield-operations-specialists,en,asset_source_missing_fields,"citation_boundary,evidence_scope,publisher,source_type"
repair_required,airfield-operations-specialists,en,asset_source_missing_fields,"citation_boundary,evidence_scope,publisher,source_type"
repair_required,airfield-operations-specialists,en,asset_source_missing_fields,"citation_boundary,evidence_scope,publisher,source_type"
repair_required,airfield-operations-specialists,en,asset_external_calibration_source_not_object,'pew_onet_ai_exposure_methodology'
repair_required,airfield-operations-specialists,en,asset_external_calibration_source_not_object,'gpts_are_gpts_task_exposure'
repair_required,airline-and-commercial-pilots,zh-CN,asset_source_missing_fields,"citation_boundary,evidence_scope,publisher,source_type"
repair_required,airline-and-commercial-pilots,zh-CN,asset_source_missing_fields,"citation_boundary,evidence_scope,publisher,source_type"
repair_required,airline-and-commercial-pilots,zh-CN,asset_source_missing_fields,"citation_boundary,evidence_scope,publisher,source_type"
repair_required,airline-and-commercial-pilots,zh-CN,asset_source_missing_fields,"citation_boundary,evidence_scope,publisher,source_type"
repair_required,airline-and-commercial-pilots,zh-CN,asset_external_calibration_source_not_object,'pew_onet_ai_exposure_methodology'
repair_required,airline-and-commercial-pilots,zh-CN,asset_external_calibration_source_not_object,'gpts_are_gpts_task_exposure'
repair_required,airline-and-commercial-pilots,en,asset_source_missing_fields,"citation_boundary,evidence_scope,publisher,source_type"
repair_required,airline-and-commercial-pilots,en,asset_source_missing_fields,"citation_boundary,evidence_scope,publisher,source_type"
repair_required,airline-and-commercial-pilots,en,asset_source_missing_fields,"citation_boundary,evidence_scope,publisher,source_type"
repair_required,airline-and-commercial-pilots,en,asset_source_missing_fields,"citation_boundary,evidence_scope,publisher,source_type"
repair_required,airline-and-commercial-pilots,en,asset_external_calibration_source_not_object,'pew_onet_ai_exposure_methodology'
repair_required,airline-and-commercial-pilots,en,asset_external_calibration_source_not_object,'gpts_are_gpts_task_exposure'
repair_required,airline-pilots-copilots-and-flight-engineers,zh-CN,asset_source_missing_fields,"citation_boundary,evidence_scope,publisher,source_type"
repair_required,airline-pilots-copilots-and-flight-engineers,zh-CN,asset_source_missing_fields,"citation_boundary,evidence_scope,publisher,source_type"
repair_required,airline-pilots-copilots-and-flight-engineers,zh-CN,asset_source_missing_fields,"citation_boundary,evidence_scope,publisher,source_type"
repair_required,airline-pilots-copilots-and-flight-engineers,zh-CN,asset_source_missing_fields,"citation_boundary,evidence_scope,publisher,source_type"
repair_required,airline-pilots-copilots-and-flight-engineers,zh-CN,asset_source_missing_fields,"citation_boundary,evidence_scope,publisher,source_type"
repair_required,airline-pilots-copilots-and-flight-engineers,zh-CN,asset_external_calibration_source_not_object,'pew_onet_ai_exposure_methodology'
repair_required,airline-pilots-copilots-and-flight-engineers,zh-CN,asset_external_calibration_source_not_object,'gpts_are_gpts_task_exposure'
repair_required,airline-pilots-copilots-and-flight-engineers,en,asset_source_missing_fields,"citation_boundary,evidence_scope,publisher,source_type"
repair_required,airline-pilots-copilots-and-flight-engineers,en,asset_source_missing_fields,"citation_boundary,evidence_scope,publisher,source_type"
repair_required,airline-pilots-copilots-and-flight-engineers,en,asset_source_missing_fields,"citation_boundary,evidence_scope,publisher,source_type"
repair_required,airline-pilots-copilots-and-flight-engineers,en,asset_source_missing_fields,"citation_boundary,evidence_scope,publisher,source_type"
repair_required,airline-pilots-copilots-and-flight-engineers,en,asset_source_missing_fields,"citation_boundary,evidence_scope,publisher,source_type"
repair_required,airline-pilots-copilots-and-flight-engineers,en,asset_external_calibration_source_not_object,'pew_onet_ai_exposure_methodology'
repair_required,airline-pilots-copilots-and-flight-engineers,en,asset_external_calibration_source_not_object,'gpts_are_gpts_task_exposure'
repair_required,allergists-and-immunologists,zh-CN,asset_source_missing_fields,"citation_boundary,evidence_scope,publisher,source_type"
repair_required,allergists-and-immunologists,zh-CN,asset_source_missing_fields,"citation_boundary,evidence_scope,publisher,source_type"
repair_required,allergists-and-immunologists,zh-CN,asset_source_missing_fields,"citation_boundary,evidence_scope,publisher,source_type"
repair_required,allergists-and-immunologists,zh-CN,asset_source_missing_fields,"citation_boundary,evidence_scope,publisher,source_type"
repair_required,allergists-and-immunologists,zh-CN,asset_external_calibration_source_not_object,'pew_onet_ai_exposure_methodology'
repair_required,allergists-and-immunologists,zh-CN,asset_external_calibration_source_not_object,'gpts_are_gpts_task_exposure'
repair_required,allergists-and-immunologists,en,asset_source_missing_fields,"citation_boundary,evidence_scope,publisher,source_type"
repair_required,allergists-and-immunologists,en,asset_source_missing_fields,"citation_boundary,evidence_scope,publisher,source_type"
repair_required,allergists-and-immunologists,en,asset_source_missing_fields,"citation_boundary,evidence_scope,publisher,source_type"
repair_required,allergists-and-immunologists,en,asset_source_missing_fields,"citation_boundary,evidence_scope,publisher,source_type"
repair_required,allergists-and-immunologists,en,asset_external_calibration_source_not_object,'pew_onet_ai_exposure_methodology'
repair_required,allergists-and-immunologists,en,asset_external_calibration_source_not_object,'gpts_are_gpts_task_exposure'
repair_required,ambulance-drivers-and-attendants-except-emergency-medical-technicians,zh-CN,asset_source_missing_fields,"citation_boundary,evidence_scope,publisher,source_type"
repair_required,ambulance-drivers-and-attendants-except-emergency-medical-technicians,zh-CN,asset_source_missing_fields,"citation_boundary,evidence_scope,publisher,source_type"
repair_required,ambulance-drivers-and-attendants-except-emergency-medical-technicians,zh-CN,asset_source_missing_fields,"citation_boundary,evidence_scope,publisher,source_type"
repair_required,ambulance-drivers-and-attendants-except-emergency-medical-technicians,zh-CN,asset_source_missing_fields,"citation_boundary,evidence_scope,publisher,source_type"
repair_required,ambulance-drivers-and-attendants-except-emergency-medical-technicians,zh-CN,asset_external_calibration_source_not_object,'pew_onet_ai_exposure_methodology'
repair_required,ambulance-drivers-and-attendants-except-emergency-medical-technicians,zh-CN,asset_external_calibration_source_not_object,'gpts_are_gpts_task_exposure'
repair_required,ambulance-drivers-and-attendants-except-emergency-medical-technicians,en,asset_source_missing_fields,"citation_boundary,evidence_scope,publisher,source_type"
repair_required,ambulance-drivers-and-attendants-except-emergency-medical-technicians,en,asset_source_missing_fields,"citation_boundary,evidence_scope,publisher,source_type"
repair_required,ambulance-drivers-and-attendants-except-emergency-medical-technicians,en,asset_source_missing_fields,"citation_boundary,evidence_scope,publisher,source_type"
repair_required,ambulance-drivers-and-attendants-except-emergency-medical-technicians,en,asset_source_missing_fields,"citation_boundary,evidence_scope,publisher,source_type"
repair_required,ambulance-drivers-and-attendants-except-emergency-medical-technicians,en,asset_external_calibration_source_not_object,'pew_onet_ai_exposure_methodology'
repair_required,ambulance-drivers-and-attendants-except-emergency-medical-technicians,en,asset_external_calibration_source_not_object,'gpts_are_gpts_task_exposure'
repair_required,amusement-and-recreation-attendants,zh-CN,asset_source_missing_fields,"citation_boundary,evidence_scope,publisher,source_type"
repair_required,amusement-and-recreation-attendants,zh-CN,asset_source_missing_fields,"citation_boundary,evidence_scope,publisher,source_type"
repair_required,amusement-and-recreation-attendants,zh-CN,asset_source_missing_fields,"citation_boundary,evidence_scope,publisher,source_type"
repair_required,amusement-and-recreation-attendants,zh-CN,asset_source_missing_fields,"citation_boundary,evidence_scope,publisher,source_type"
repair_required,amusement-and-recreation-attendants,zh-CN,asset_external_calibration_source_not_object,'pew_onet_ai_exposure_methodology'
repair_required,amusement-and-recreation-attendants,zh-CN,asset_external_calibration_source_not_object,'gpts_are_gpts_task_exposure'
repair_required,amusement-and-recreation-attendants,en,asset_source_missing_fields,"citation_boundary,evidence_scope,publisher,source_type"
repair_required,amusement-and-recreation-attendants,en,asset_source_missing_fields,"citation_boundary,evidence_scope,publisher,source_type"
repair_required,amusement-and-recreation-attendants,en,asset_source_missing_fields,"citation_boundary,evidence_scope,publisher,source_type"
repair_required,amusement-and-recreation-attendants,en,asset_source_missing_fields,"citation_boundary,evidence_scope,publisher,source_type"
repair_required,amusement-and-recreation-attendants,en,asset_external_calibration_source_not_object,'pew_onet_ai_exposure_methodology'
repair_required,amusement-and-recreation-attendants,en,asset_external_calibration_source_not_object,'gpts_are_gpts_task_exposure'
repair_required,anesthesiologist-assistants,zh-CN,asset_source_missing_fields,"citation_boundary,evidence_scope,publisher,source_type"
repair_required,anesthesiologist-assistants,zh-CN,asset_source_missing_fields,"citation_boundary,evidence_scope,publisher,source_type"
repair_required,anesthesiologist-assistants,zh-CN,asset_source_missing_fields,"citation_boundary,evidence_scope,publisher,source_type"
repair_required,anesthesiologist-assistants,zh-CN,asset_source_missing_fields,"citation_boundary,evidence_scope,publisher,source_type"
repair_required,anesthesiologist-assistants,zh-CN,asset_external_calibration_source_not_object,'pew_onet_ai_exposure_methodology'
repair_required,anesthesiologist-assistants,zh-CN,asset_external_calibration_source_not_object,'gpts_are_gpts_task_exposure'
repair_required,anesthesiologist-assistants,en,asset_source_missing_fields,"citation_boundary,evidence_scope,publisher,source_type"
repair_required,anesthesiologist-assistants,en,asset_source_missing_fields,"citation_boundary,evidence_scope,publisher,source_type"
repair_required,anesthesiologist-assistants,en,asset_source_missing_fields,"citation_boundary,evidence_scope,publisher,source_type"
repair_required,anesthesiologist-assistants,en,asset_source_missing_fields,"citation_boundary,evidence_scope,publisher,source_type"
repair_required,anesthesiologist-assistants,en,asset_external_calibration_source_not_object,'pew_onet_ai_exposure_methodology'
repair_required,anesthesiologist-assistants,en,asset_external_calibration_source_not_object,'gpts_are_gpts_task_exposure'
repair_required,anesthesiologists,zh-CN,asset_source_missing_fields,"citation_boundary,evidence_scope,publisher,source_type"
repair_required,anesthesiologists,zh-CN,asset_source_missing_fields,"citation_boundary,evidence_scope,publisher,source_type"
repair_required,anesthesiologists,zh-CN,asset_source_missing_fields,"citation_boundary,evidence_scope,publisher,source_type"
repair_required,anesthesiologists,zh-CN,asset_source_missing_fields,"citation_boundary,evidence_scope,publisher,source_type"
repair_required,anesthesiologists,zh-CN,asset_external_calibration_source_not_object,'pew_onet_ai_exposure_methodology'
repair_required,anesthesiologists,zh-CN,asset_external_calibration_source_not_object,'gpts_are_gpts_task_exposure'
repair_required,anesthesiologists,en,asset_source_missing_fields,"citation_boundary,evidence_scope,publisher,source_type"
repair_required,anesthesiologists,en,asset_source_missing_fields,"citation_boundary,evidence_scope,publisher,source_type"
repair_required,anesthesiologists,en,asset_source_missing_fields,"citation_boundary,evidence_scope,publisher,source_type"
repair_required,anesthesiologists,en,asset_source_missing_fields,"citation_boundary,evidence_scope,publisher,source_type"
repair_required,anesthesiologists,en,asset_external_calibration_source_not_object,'pew_onet_ai_exposure_methodology'
repair_required,anesthesiologists,en,asset_external_calibration_source_not_object,'gpts_are_gpts_task_exposure'
repair_required,animal-breeders,zh-CN,asset_source_missing_fields,"citation_boundary,evidence_scope,publisher,source_type"
repair_required,animal-breeders,zh-CN,asset_source_missing_fields,"citation_boundary,evidence_scope,publisher,source_type"
repair_required,animal-breeders,zh-CN,asset_source_missing_fields,"citation_boundary,evidence_scope,publisher,source_type"
repair_required,animal-breeders,zh-CN,asset_source_missing_fields,"citation_boundary,evidence_scope,publisher,source_type"
repair_required,animal-breeders,zh-CN,asset_external_calibration_source_not_object,'pew_onet_ai_exposure_methodology'
repair_required,animal-breeders,zh-CN,asset_external_calibration_source_not_object,'gpts_are_gpts_task_exposure'
repair_required,animal-breeders,en,asset_source_missing_fields,"citation_boundary,evidence_scope,publisher,source_type"
repair_required,animal-breeders,en,asset_source_missing_fields,"citation_boundary,evidence_scope,publisher,source_type"
repair_required,animal-breeders,en,asset_source_missing_fields,"citation_boundary,evidence_scope,publisher,source_type"
repair_required,animal-breeders,en,asset_source_missing_fields,"citation_boundary,evidence_scope,publisher,source_type"
repair_required,animal-breeders,en,asset_external_calibration_source_not_object,'pew_onet_ai_exposure_methodology'
repair_required,animal-breeders,en,asset_external_calibration_source_not_object,'gpts_are_gpts_task_exposure'
repair_required,animal-care-and-service-workers,zh-CN,asset_source_missing_fields,"citation_boundary,evidence_scope,publisher,source_type"
repair_required,animal-care-and-service-workers,zh-CN,asset_source_missing_fields,"citation_boundary,evidence_scope,publisher,source_type"
repair_required,animal-care-and-service-workers,zh-CN,asset_source_missing_fields,"citation_boundary,evidence_scope,publisher,source_type"
repair_required,animal-care-and-service-workers,zh-CN,asset_source_missing_fields,"citation_boundary,evidence_scope,publisher,source_type"
repair_required,animal-care-and-service-workers,zh-CN,asset_external_calibration_source_not_object,'pew_onet_ai_exposure_methodology'
repair_required,animal-care-and-service-workers,zh-CN,asset_external_calibration_source_not_object,'gpts_are_gpts_task_exposure'
repair_required,animal-care-and-service-workers,en,asset_source_missing_fields,"citation_boundary,evidence_scope,publisher,source_type"
repair_required,animal-care-and-service-workers,en,asset_source_missing_fields,"citation_boundary,evidence_scope,publisher,source_type"
repair_required,animal-care-and-service-workers,en,asset_source_missing_fields,"citation_boundary,evidence_scope,publisher,source_type"
repair_required,animal-care-and-service-workers,en,asset_source_missing_fields,"citation_boundary,evidence_scope,publisher,source_type"
repair_required,animal-care-and-service-workers,en,asset_external_calibration_source_not_object,'pew_onet_ai_exposure_methodology'
repair_required,animal-care-and-service-workers,en,asset_external_calibration_source_not_object,'gpts_are_gpts_task_exposure'
repair_required,animal-caretakers,zh-CN,asset_source_missing_fields,"citation_boundary,evidence_scope,publisher,source_type"
repair_required,animal-caretakers,zh-CN,asset_source_missing_fields,"citation_boundary,evidence_scope,publisher,source_type"
repair_required,animal-caretakers,zh-CN,asset_source_missing_fields,"citation_boundary,evidence_scope,publisher,source_type"
repair_required,animal-caretakers,zh-CN,asset_source_missing_fields,"citation_boundary,evidence_scope,publisher,source_type"
repair_required,animal-caretakers,zh-CN,asset_source_missing_fields,"citation_boundary,evidence_scope,publisher,source_type"
repair_required,animal-caretakers,zh-CN,asset_external_calibration_source_not_object,'pew_onet_ai_exposure_methodology'
repair_required,animal-caretakers,zh-CN,asset_external_calibration_source_not_object,'gpts_are_gpts_task_exposure'
repair_required,animal-caretakers,en,asset_source_missing_fields,"citation_boundary,evidence_scope,publisher,source_type"
repair_required,animal-caretakers,en,asset_source_missing_fields,"citation_boundary,evidence_scope,publisher,source_type"
repair_required,animal-caretakers,en,asset_source_missing_fields,"citation_boundary,evidence_scope,publisher,source_type"
repair_required,animal-caretakers,en,asset_source_missing_fields,"citation_boundary,evidence_scope,publisher,source_type"
repair_required,animal-caretakers,en,asset_source_missing_fields,"citation_boundary,evidence_scope,publisher,source_type"
repair_required,animal-caretakers,en,asset_external_calibration_source_not_object,'pew_onet_ai_exposure_methodology'
repair_required,animal-caretakers,en,asset_external_calibration_source_not_object,'gpts_are_gpts_task_exposure'
repair_required,animal-control-workers,zh-CN,asset_source_missing_fields,"citation_boundary,evidence_scope,publisher,source_type"
repair_required,animal-control-workers,zh-CN,asset_source_missing_fields,"citation_boundary,evidence_scope,publisher,source_type"
repair_required,animal-control-workers,zh-CN,asset_source_missing_fields,"citation_boundary,evidence_scope,publisher,source_type"
repair_required,animal-control-workers,zh-CN,asset_source_missing_fields,"citation_boundary,evidence_scope,publisher,source_type"
repair_required,animal-control-workers,zh-CN,asset_external_calibration_source_not_object,'pew_onet_ai_exposure_methodology'
repair_required,animal-control-workers,zh-CN,asset_external_calibration_source_not_object,'gpts_are_gpts_task_exposure'
repair_required,animal-control-workers,en,asset_source_missing_fields,"citation_boundary,evidence_scope,publisher,source_type"
repair_required,animal-control-workers,en,asset_source_missing_fields,"citation_boundary,evidence_scope,publisher,source_type"
repair_required,animal-control-workers,en,asset_source_missing_fields,"citation_boundary,evidence_scope,publisher,source_type"
repair_required,animal-control-workers,en,asset_source_missing_fields,"citation_boundary,evidence_scope,publisher,source_type"
repair_required,animal-control-workers,en,asset_external_calibration_source_not_object,'pew_onet_ai_exposure_methodology'
repair_required,animal-control-workers,en,asset_external_calibration_source_not_object,'gpts_are_gpts_task_exposure'
repair_required,animal-scientists,zh-CN,asset_source_missing_fields,"citation_boundary,evidence_scope,publisher,source_type"
repair_required,animal-scientists,zh-CN,asset_source_missing_fields,"citation_boundary,evidence_scope,publisher,source_type"
repair_required,animal-scientists,zh-CN,asset_source_missing_fields,"citation_boundary,evidence_scope,publisher,source_type"
repair_required,animal-scientists,zh-CN,asset_source_missing_fields,"citation_boundary,evidence_scope,publisher,source_type"
repair_required,animal-scientists,zh-CN,asset_external_calibration_source_not_object,'pew_onet_ai_exposure_methodology'
repair_required,animal-scientists,zh-CN,asset_external_calibration_source_not_object,'gpts_are_gpts_task_exposure'
repair_required,animal-scientists,en,asset_source_missing_fields,"citation_boundary,evidence_scope,publisher,source_type"
repair_required,animal-scientists,en,asset_source_missing_fields,"citation_boundary,evidence_scope,publisher,source_type"
repair_required,animal-scientists,en,asset_source_missing_fields,"citation_boundary,evidence_scope,publisher,source_type"
repair_required,animal-scientists,en,asset_source_missing_fields,"citation_boundary,evidence_scope,publisher,source_type"
repair_required,animal-scientists,en,asset_external_calibration_source_not_object,'pew_onet_ai_exposure_methodology'
repair_required,animal-scientists,en,asset_external_calibration_source_not_object,'gpts_are_gpts_task_exposure'
repair_required,animal-trainers,zh-CN,asset_source_missing_fields,"citation_boundary,evidence_scope,publisher,source_type"
repair_required,animal-trainers,zh-CN,asset_source_missing_fields,"citation_boundary,evidence_scope,publisher,source_type"
repair_required,animal-trainers,zh-CN,asset_source_missing_fields,"citation_boundary,evidence_scope,publisher,source_type"
repair_required,animal-trainers,zh-CN,asset_source_missing_fields,"citation_boundary,evidence_scope,publisher,source_type"
repair_required,animal-trainers,zh-CN,asset_external_calibration_source_not_object,'pew_onet_ai_exposure_methodology'
repair_required,animal-trainers,zh-CN,asset_external_calibration_source_not_object,'gpts_are_gpts_task_exposure'
repair_required,animal-trainers,en,asset_source_missing_fields,"citation_boundary,evidence_scope,publisher,source_type"
repair_required,animal-trainers,en,asset_source_missing_fields,"citation_boundary,evidence_scope,publisher,source_type"
repair_required,animal-trainers,en,asset_source_missing_fields,"citation_boundary,evidence_scope,publisher,source_type"
repair_required,animal-trainers,en,asset_source_missing_fields,"citation_boundary,evidence_scope,publisher,source_type"
repair_required,animal-trainers,en,asset_external_calibration_source_not_object,'pew_onet_ai_exposure_methodology'
repair_required,animal-trainers,en,asset_external_calibration_source_not_object,'gpts_are_gpts_task_exposure'
